phi,N,seed,mediana_dif_antecedencia,wilcoxon_p
0.0,3,0,-10.5,1.0
0.0,3,1,2.5,1.0
0.0,3,2,22.0,0.25
0.0,10,0,16.0,1.0
0.0,10,1,17.5,0.25
0.0,10,2,10.0,0.4375
0.0,30,0,34.0,0.5
0.0,30,1,22.0,1.0
0.0,30,2,-31.5,0.3125
0.5,3,0,38.0,0.0312
0.5,3,1,5.0,0.75
0.5,3,2,5.5,0.7422
0.5,10,0,23.5,0.375
0.5,10,1,-39.0,0.5
0.5,10,2,1.5,0.5625
0.5,30,0,54.0,0.5
0.5,30,1,31.0,0.25
0.5,30,2,49.0,0.0312
0.8,3,0,45.0,0.125
0.8,3,1,16.0,1.0
0.8,3,2,61.0,0.0625
0.8,10,0,4.0,0.7969
0.8,10,1,13.5,1.0
0.8,10,2,-37.0,0.1562
0.8,30,0,74.0,0.5
0.8,30,1,-2.0,1.0
0.8,30,2,8.0,0.0625
0.95,3,0,-19.5,1.0
0.95,3,1,6.0,1.0
0.95,3,2,37.0,0.25
0.95,10,0,34.5,0.5
0.95,10,1,-27.0,1.0
0.95,10,2,4.0,0.8125
0.95,30,0,-38.0,0.75
0.95,30,1,11.5,1.0
0.95,30,2,6.0,0.625
