seed,phi_ef,skill_30,skill_60,skill_90,prauc_30,prauc_60,prauc_90
0,0.0166,0.2271105502522557,0.1322867714436346,0.07080644060540309,0.9302581155098032,0.9060255925083605,0.8309695416432472
1,0.1186,0.21127017191743472,0.1009612106167879,0.012652545899151657,0.9406924896260701,0.8862382103242453,0.9030463268898913
2,0.0023,0.3078194343711276,0.18158311235743374,0.10930683829552393,0.9938289735867392,0.994906218884811,0.9773767567065468
3,-0.0298,0.2761861045238617,0.16861963162461013,0.10254591097886709,0.9470360805000603,0.8982606807094092,0.8182580071837625
4,0.0189,0.2620119313512894,0.10464774086941181,0.0647313057672497,0.9675108720107242,0.8528087686386074,0.7990241617873717
5,0.0687,0.22847376960438903,0.12520348892631716,0.056243833673044835,0.7338644659418465,0.7356079776475981,0.5303022630281763
6,0.0497,0.2861672330534638,0.0844239341382006,-0.06465340457121832,,,
7,-0.0342,0.25419611450091584,0.10854150495459708,0.04500616157135923,0.8702674828608953,0.7559988213715145,0.7166999042269024
8,0.0153,0.31135202076437307,0.2007388661919301,0.11980358004652458,0.9162897817886464,0.9637108682416271,0.7143190332807546
9,-0.0044,0.3114206104197177,0.18982862066947867,0.12519836014507432,0.9606962857884918,0.7379932419966408,0.6480257960317052
