origem,phi_param,N,seed,phi_ef,skill_30,prauc_30,skill_60,prauc_60,skill_90,prauc_90
grade,0.0,3,0,0.0325,0.4214,0.9119,0.1993,0.7582,0.126,0.6401
grade,0.0,3,1,0.1277,0.5126,0.8644,0.2752,0.8661,0.1215,0.9359
grade,0.0,3,2,0.1207,0.5267,0.8944,0.2996,0.7327,0.1523,0.8217
grade,0.0,10,0,0.1511,0.5631,0.9894,0.345,0.3594,0.2072,0.5541
grade,0.0,10,1,0.1474,0.5267,0.9872,0.3307,0.8808,0.2487,0.6687
grade,0.0,10,2,0.16,0.5605,0.9067,0.3501,0.8691,0.1841,0.8602
grade,0.0,30,0,0.3569,0.6119,0.9997,0.3998,0.9917,0.2107,0.9841
grade,0.0,30,1,0.374,0.5992,1.0,0.4652,0.9928,0.3395,0.5318
grade,0.0,30,2,0.3788,0.6879,0.9856,0.5677,0.9701,0.4644,0.9147
grade,0.5,3,0,0.3027,0.4963,0.9035,0.3596,0.8198,0.1942,0.839
grade,0.5,3,1,0.3413,0.506,0.9035,0.3378,0.8145,0.187,0.9011
grade,0.5,3,2,0.372,0.5912,0.9224,0.3308,0.7883,0.119,0.7678
grade,0.5,10,0,0.367,0.5939,0.9894,0.3931,0.9915,0.2201,0.9492
grade,0.5,10,1,0.3556,0.492,0.9717,0.3452,0.8965,0.2547,0.8548
grade,0.5,10,2,0.4263,0.5788,0.9666,0.3683,0.9569,0.1674,0.8832
grade,0.5,30,0,0.5246,0.6484,0.9839,0.4179,0.9988,0.2588,0.9935
grade,0.5,30,1,0.5051,0.5739,0.9816,0.4202,0.9369,0.2744,0.8306
grade,0.5,30,2,0.573,0.699,0.984,0.562,0.9623,0.4217,0.9387
grade,0.8,3,0,0.5955,0.6358,0.9559,0.4925,0.9851,0.382,0.9503
grade,0.8,3,1,0.5613,0.5664,0.9935,0.3232,0.9792,0.0873,0.9711
grade,0.8,3,2,0.5947,0.5911,0.9284,0.3364,0.9074,0.1352,0.8669
grade,0.8,10,0,0.6041,0.6428,0.9726,0.481,0.9235,0.3315,0.8826
grade,0.8,10,1,0.5707,0.5196,0.9978,0.2743,0.9973,0.0372,0.9728
grade,0.8,10,2,0.6475,0.6099,0.9951,0.4486,0.9647,0.313,0.9105
grade,0.8,30,0,0.7031,0.6805,0.99,0.4785,0.9984,0.2682,0.9918
grade,0.8,30,1,0.6433,0.6086,0.8631,0.3801,0.7857,0.192,0.6583
grade,0.8,30,2,0.7202,0.7272,0.9757,0.6248,0.9913,0.4919,0.9693
grade,0.95,3,0,0.8491,0.6593,0.9997,0.5298,0.9721,0.4504,0.8983
grade,0.95,3,1,0.8429,0.6413,1.0,0.5531,1.0,0.4259,0.9999
grade,0.95,3,2,0.7976,0.6394,0.9439,0.5353,0.9296,0.4246,0.9168
grade,0.95,10,0,0.8501,0.6135,0.948,0.4558,0.8588,0.4255,0.8268
grade,0.95,10,1,0.8482,0.6114,1.0,0.5296,1.0,0.3953,0.9999
grade,0.95,10,2,0.8327,0.6231,0.9904,0.5193,0.9743,0.4186,0.9485
grade,0.95,30,0,0.8828,0.6671,0.9698,0.4894,0.9787,0.3541,0.9445
grade,0.95,30,1,0.8601,0.6447,0.9737,0.4911,0.9775,0.4257,1.0
grade,0.95,30,2,0.8528,0.7074,0.9981,0.5936,0.9915,0.4952,0.9934
N0,0.0,0,0,-0.018,0.5826546872448075,0.995804704347629,0.36476494332928333,0.8832564925792051,0.2512200830096558,0.7787291732682751
N0,0.0,0,1,0.0693,0.5306045940667674,0.9929470054557281,0.28966423342073633,0.9317081396414139,0.1530456029743612,0.8818592931487645
N0,0.0,0,2,-0.0053,0.5322237063226789,0.9625977621991555,0.3137806239906684,0.8633983817236046,0.21496504180403664,0.8926239237824346
N0,0.5,0,0,0.2796,0.6038965131516298,0.9834959081152809,0.43012884361556236,0.9897399755827484,0.310276642031592,0.9638697660945212
N0,0.5,0,1,0.2935,0.5636431681096786,0.9870472395145572,0.34311770893561155,0.9181392594841955,0.1891945887107662,0.9339702781131782
N0,0.5,0,2,0.3041,0.5681902126810656,0.9498331201808858,0.3527814394698337,0.8397528307737132,0.1779267248248475,0.7189590933688458
N0,0.8,0,0,0.5838,0.6731110636311577,0.9586974716324987,0.549917435896987,0.966621088112712,0.44587693575748777,0.9519920786437065
N0,0.8,0,1,0.5344,0.5857882159243766,0.9914165409155532,0.42941410058028984,0.9517528627599217,0.28456054089893723,0.8810451944630903
N0,0.8,0,2,0.582,0.6421619864273724,0.9655114239562452,0.4453298224275937,0.9598004992727606,0.2821477876908151,0.9884121000386062
N0,0.95,0,0,0.832,0.698654873337074,0.8615422393848156,0.5327300370302397,0.53912157885205,0.40366212616840336,0.49143989215078654
N0,0.95,0,1,0.833,0.6436908670721839,0.9669602644748699,0.5849384925062586,0.9999999999999998,0.5058257307427451,1.0
N0,0.95,0,2,0.8124,0.6590589356837373,0.9546042317611553,0.5375724580082634,0.9535650477504797,0.45319849606495816,0.9507304476618281
