episodio_inicio,limiar,horizonte,ant_XGBRes,ant_B3,dif
2003-08-15,40,30,25,20,5
2005-10-20,40,30,18,26,-8
2006-10-30,40,30,23,22,1
2007-08-29,40,30,65,60,5
2013-10-01,40,30,17,18,-1
2018-07-28,40,30,36,22,14
2019-11-06,40,30,24,16,8
2020-10-06,40,30,32,19,13
2021-08-10,40,30,39,28,11
2022-06-26,40,30,43,29,14
2003-10-01,30,30,16,19,-3
2013-12-17,30,30,0,0,0
2021-10-01,30,30,29,18,11
2003-08-15,40,60,49,44,5
2005-10-20,40,60,82,62,20
2006-10-30,40,60,62,48,14
2007-08-29,40,60,111,93,18
2013-10-01,40,60,48,40,8
2018-07-28,40,60,88,52,36
2019-11-06,40,60,96,49,47
2020-10-06,40,60,78,47,31
2021-08-10,40,60,82,58,24
2022-06-26,40,60,66,50,16
2003-10-01,30,60,36,24,12
2013-12-17,30,60,0,0,0
2021-10-01,30,60,33,21,12
2003-08-15,40,90,69,68,1
2005-10-20,40,90,113,106,7
2006-10-30,40,90,90,80,10
2007-08-29,40,90,120,118,2
2013-10-01,40,90,61,78,-17
2018-07-28,40,90,99,78,21
2019-11-06,40,90,103,109,-6
2020-10-06,40,90,97,85,12
2021-08-10,40,90,108,90,18
2022-06-26,40,90,86,79,7
2003-10-01,30,90,23,45,-22
2013-12-17,30,90,0,0,0
2021-10-01,30,90,80,39,41
