episodio_inicio,episodio_fim,conjunto,modelo,horizonte,limiar,threshold_val,primeiro_alerta,antecedencia_dias,alarmes_falsos_por_ano
2003-10-01,2004-12-26,CLIMA_ESTADO,XGBClf,30,30,0.05,2003-09-21,10.0,20.65
2013-12-17,2016-03-09,CLIMA_ESTADO,XGBClf,30,30,0.05,2013-10-28,50.0,20.65
2021-10-01,2022-01-20,CLIMA_ESTADO,XGBClf,30,30,0.05,2021-08-27,35.0,20.65
2003-10-01,2004-12-26,CLIMA_ESTADO,XGBClf,60,30,0.1,sem alerta,,23.45
2013-12-17,2016-03-09,CLIMA_ESTADO,XGBClf,60,30,0.1,2013-09-23,85.0,23.45
2021-10-01,2022-01-20,CLIMA_ESTADO,XGBClf,60,30,0.1,2021-07-17,76.0,23.45
2003-10-01,2004-12-26,CLIMA_ESTADO,XGBClf,90,30,0.05,2003-07-29,64.0,43.6
2013-12-17,2016-03-09,CLIMA_ESTADO,XGBClf,90,30,0.05,2013-08-25,114.0,43.6
2021-10-01,2022-01-20,CLIMA_ESTADO,XGBClf,90,30,0.05,2021-06-03,120.0,43.6
