conjunto,modelo,horizonte,MAE,RMSE,skill_B1,skill_B3
CLIMA,B1_persistencia,30,4.093,5.343,0.0,-0.484
CLIMA,B1_persistencia,60,7.592,9.274,0.0,-0.604
CLIMA,B1_persistencia,90,10.628,12.71,0.0,-0.66
CLIMA,B2_climatologia,30,22.942,27.646,-4.62,-6.992
CLIMA,B2_climatologia,60,22.991,27.663,-2.02,-3.607
CLIMA,B2_climatologia,90,23.072,27.706,-1.157,-2.379
CLIMA,B3_persist_sazonal,30,2.822,4.219,0.31,0.0
CLIMA,B3_persist_sazonal,60,4.851,6.781,0.359,0.0
CLIMA,B3_persist_sazonal,90,6.608,9.032,0.378,0.0
CLIMA,RandomForestReg,30,21.342,26.963,-4.302,-6.823
CLIMA,RandomForestReg,60,21.08,26.668,-1.797,-3.414
CLIMA,RandomForestReg,90,24.624,29.921,-1.324,-2.915
CLIMA,Ridge,30,18.041,22.988,-3.489,-5.555
CLIMA,Ridge,60,18.182,22.737,-1.419,-2.814
CLIMA,Ridge,90,18.454,22.595,-0.741,-1.859
CLIMA,XGBReg,30,21.475,26.659,-4.332,-6.924
CLIMA,XGBReg,60,21.854,27.204,-1.904,-3.628
CLIMA,XGBReg,90,23.789,28.464,-1.245,-2.777
CLIMA_ESTADO,B1_persistencia,30,4.093,5.343,0.0,-0.484
CLIMA_ESTADO,B1_persistencia,60,7.592,9.274,0.0,-0.604
CLIMA_ESTADO,B1_persistencia,90,10.628,12.71,0.0,-0.66
CLIMA_ESTADO,B2_climatologia,30,22.942,27.646,-4.62,-6.992
CLIMA_ESTADO,B2_climatologia,60,22.991,27.663,-2.02,-3.607
CLIMA_ESTADO,B2_climatologia,90,23.072,27.706,-1.157,-2.379
CLIMA_ESTADO,B3_persist_sazonal,30,2.822,4.219,0.31,0.0
CLIMA_ESTADO,B3_persist_sazonal,60,4.851,6.781,0.359,0.0
CLIMA_ESTADO,B3_persist_sazonal,90,6.608,9.032,0.378,0.0
CLIMA_ESTADO,RandomForestReg,30,3.206,4.836,0.214,-0.139
CLIMA_ESTADO,RandomForestReg,60,5.318,7.308,0.3,-0.09
CLIMA_ESTADO,RandomForestReg,90,7.81,10.422,0.269,-0.189
CLIMA_ESTADO,Ridge,30,2.788,3.964,0.322,-0.015
CLIMA_ESTADO,Ridge,60,5.137,6.995,0.322,-0.106
CLIMA_ESTADO,Ridge,90,7.276,9.76,0.314,-0.168
CLIMA_ESTADO,XGBReg,30,2.96,4.409,0.28,-0.036
CLIMA_ESTADO,XGBReg,60,4.909,6.82,0.354,-0.008
CLIMA_ESTADO,XGBReg,90,6.854,9.372,0.359,-0.032
