ano,chuva_anual_mm,estacoes_aprox,rad_sum_media
2003,3438.4,3.9,35914.00273972603
2004,2668.0,4.0,27365.596448087435
2005,4239.2,4.0,50162.999726027396
2006,9537.0,8.0,123550.25698630136
2007,20925.8,19.2,320635.87616438355
2008,33418.4,27.3,429869.14043715846
2009,38214.4,29.0,375780.5353424658
2010,31202.0,29.5,452918.38547945203
2011,40158.6,30.8,475234.5953424658
2012,38405.4,31.0,507375.96065573767
2013,40794.2,31.0,479666.3197260274
2014,29178.0,31.0,479488.9161643836
2015,46527.4,31.0,482428.50410958903
2016,40538.2,31.3,523291.2950819672
2017,49534.4,36.5,606533.2353424658
2018,49581.4,40.8,674505.689589041
2019,50475.6,41.5,677231.1756164384
2020,36949.2,43.0,0.0
2021,19432.0,42.0,0.0
2022,39597.8,38.0,0.0
2023,52606.8,40.0,0.0
2024,40124.6,40.0,0.0
