year,column,rows,non_null,missing_pct
2003,DATA (YYYY-MM-DD),34224,34224,0.0
2003,HORA (UTC),34224,34224,0.0
2003,"PRECIPITAÇÃO TOTAL, HORÁRIO (mm)",34224,17740,48.165
2003,"PRESSAO ATMOSFERICA AO NIVEL DA ESTACAO, HORARIA (mB)",34224,17717,48.232
2003,PRESSÃO ATMOSFERICA MAX.NA HORA ANT. (AUT) (mB),34224,17716,48.235
2003,PRESSÃO ATMOSFERICA MIN. NA HORA ANT. (AUT) (mB),34224,17716,48.235
2003,RADIACAO GLOBAL (KJ/m²),34224,9587,71.987
2003,RADIACAO GLOBAL (Kj/m²),34224,0,100.0
2003,"TEMPERATURA DO AR - BULBO SECO, HORARIA (°C)",34224,17727,48.203
2003,TEMPERATURA DO PONTO DE ORVALHO (°C),34224,17727,48.203
2003,TEMPERATURA MÁXIMA NA HORA ANT. (AUT) (°C),34224,17702,48.276
2003,TEMPERATURA MÍNIMA NA HORA ANT. (AUT) (°C),34224,17702,48.276
2003,TEMPERATURA ORVALHO MAX. NA HORA ANT. (AUT) (°C),34224,17702,48.276
2003,TEMPERATURA ORVALHO MIN. NA HORA ANT. (AUT) (°C),34224,17702,48.276
2003,UMIDADE REL. MAX. NA HORA ANT. (AUT) (%),34224,17716,48.235
2003,UMIDADE REL. MIN. NA HORA ANT. (AUT) (%),34224,17716,48.235
2003,"UMIDADE RELATIVA DO AR, HORARIA (%)",34224,17726,48.206
2003,Unnamed: 19,34224,0,100.0
2003,"VENTO, DIREÇÃO HORARIA (gr) (° (gr))",34224,17421,49.097
2003,"VENTO, RAJADA MAXIMA (m/s)",34224,17396,49.17
2003,"VENTO, VELOCIDADE HORARIA (m/s)",34224,17422,49.094
2003,_file,34224,34224,0.0
2003,_sheet,34224,34224,0.0
2004,DATA (YYYY-MM-DD),35136,35136,0.0
2004,HORA (UTC),35136,35136,0.0
2004,"PRECIPITAÇÃO TOTAL, HORÁRIO (mm)",35136,12646,64.008
2004,"PRESSAO ATMOSFERICA AO NIVEL DA ESTACAO, HORARIA (mB)",35136,11871,66.214
2004,PRESSÃO ATMOSFERICA MAX.NA HORA ANT. (AUT) (mB),35136,11880,66.189
2004,PRESSÃO ATMOSFERICA MIN. NA HORA ANT. (AUT) (mB),35136,11880,66.189
2004,RADIACAO GLOBAL (KJ/m²),35136,6897,80.371
2004,RADIACAO GLOBAL (Kj/m²),35136,0,100.0
2004,"TEMPERATURA DO AR - BULBO SECO, HORARIA (°C)",35136,12868,63.377
2004,TEMPERATURA DO PONTO DE ORVALHO (°C),35136,12868,63.377
2004,TEMPERATURA MÁXIMA NA HORA ANT. (AUT) (°C),35136,12863,63.391
2004,TEMPERATURA MÍNIMA NA HORA ANT. (AUT) (°C),35136,12863,63.391
2004,TEMPERATURA ORVALHO MAX. NA HORA ANT. (AUT) (°C),35136,12865,63.385
2004,TEMPERATURA ORVALHO MIN. NA HORA ANT. (AUT) (°C),35136,12851,63.425
2004,UMIDADE REL. MAX. NA HORA ANT. (AUT) (%),35136,12863,63.391
2004,UMIDADE REL. MIN. NA HORA ANT. (AUT) (%),35136,12863,63.391
2004,"UMIDADE RELATIVA DO AR, HORARIA (%)",35136,12867,63.379
2004,Unnamed: 19,35136,0,100.0
2004,"VENTO, DIREÇÃO HORARIA (gr) (° (gr))",35136,12867,63.379
2004,"VENTO, RAJADA MAXIMA (m/s)",35136,12863,63.391
2004,"VENTO, VELOCIDADE HORARIA (m/s)",35136,12867,63.379
2004,_file,35136,35136,0.0
2004,_sheet,35136,35136,0.0
2005,DATA (YYYY-MM-DD),35040,35040,0.0
2005,HORA (UTC),35040,35040,0.0
2005,"PRECIPITAÇÃO TOTAL, HORÁRIO (mm)",35040,24964,28.756
2005,"PRESSAO ATMOSFERICA AO NIVEL DA ESTACAO, HORARIA (mB)",35040,16824,51.986
2005,PRESSÃO ATMOSFERICA MAX.NA HORA ANT. (AUT) (mB),35040,16824,51.986
2005,PRESSÃO ATMOSFERICA MIN. NA HORA ANT. (AUT) (mB),35040,16824,51.986
2005,RADIACAO GLOBAL (KJ/m²),35040,13170,62.414
2005,RADIACAO GLOBAL (Kj/m²),35040,0,100.0
2005,"TEMPERATURA DO AR - BULBO SECO, HORARIA (°C)",35040,25130,28.282
2005,TEMPERATURA DO PONTO DE ORVALHO (°C),35040,25130,28.282
2005,TEMPERATURA MÁXIMA NA HORA ANT. (AUT) (°C),35040,25130,28.282
2005,TEMPERATURA MÍNIMA NA HORA ANT. (AUT) (°C),35040,25130,28.282
2005,TEMPERATURA ORVALHO MAX. NA HORA ANT. (AUT) (°C),35040,25130,28.282
2005,TEMPERATURA ORVALHO MIN. NA HORA ANT. (AUT) (°C),35040,25127,28.291
2005,UMIDADE REL. MAX. NA HORA ANT. (AUT) (%),35040,25130,28.282
2005,UMIDADE REL. MIN. NA HORA ANT. (AUT) (%),35040,25130,28.282
2005,"UMIDADE RELATIVA DO AR, HORARIA (%)",35040,25130,28.282
2005,Unnamed: 19,35040,0,100.0
2005,"VENTO, DIREÇÃO HORARIA (gr) (° (gr))",35040,25131,28.279
2005,"VENTO, RAJADA MAXIMA (m/s)",35040,25130,28.282
2005,"VENTO, VELOCIDADE HORARIA (m/s)",35040,25131,28.279
2005,_file,35040,35040,0.0
2005,_sheet,35040,35040,0.0
2006,DATA (YYYY-MM-DD),70152,70152,0.0
2006,HORA (UTC),70152,70152,0.0
2006,"PRECIPITAÇÃO TOTAL, HORÁRIO (mm)",70152,58232,16.992
2006,"PRESSAO ATMOSFERICA AO NIVEL DA ESTACAO, HORARIA (mB)",70152,49921,28.839
2006,PRESSÃO ATMOSFERICA MAX.NA HORA ANT. (AUT) (mB),70152,49830,28.969
2006,PRESSÃO ATMOSFERICA MIN. NA HORA ANT. (AUT) (mB),70152,49830,28.969
2006,RADIACAO GLOBAL (KJ/m²),70152,32109,54.229
2006,RADIACAO GLOBAL (Kj/m²),70152,0,100.0
2006,"TEMPERATURA DO AR - BULBO SECO, HORARIA (°C)",70152,58353,16.819
2006,TEMPERATURA DO PONTO DE ORVALHO (°C),70152,58114,17.16
2006,TEMPERATURA MÁXIMA NA HORA ANT. (AUT) (°C),70152,58337,16.842
2006,TEMPERATURA MÍNIMA NA HORA ANT. (AUT) (°C),70152,58338,16.841
2006,TEMPERATURA ORVALHO MAX. NA HORA ANT. (AUT) (°C),70152,58096,17.186
2006,TEMPERATURA ORVALHO MIN. NA HORA ANT. (AUT) (°C),70152,58038,17.268
2006,UMIDADE REL. MAX. NA HORA ANT. (AUT) (%),70152,58146,17.114
2006,UMIDADE REL. MIN. NA HORA ANT. (AUT) (%),70152,58142,17.12
2006,"UMIDADE RELATIVA DO AR, HORARIA (%)",70152,58102,17.177
2006,Unnamed: 19,70152,0,100.0
2006,"VENTO, DIREÇÃO HORARIA (gr) (° (gr))",70152,57524,18.001
2006,"VENTO, RAJADA MAXIMA (m/s)",70152,57506,18.027
2006,"VENTO, VELOCIDADE HORARIA (m/s)",70152,57524,18.001
2006,_file,70152,70152,0.0
2006,_sheet,70152,70152,0.0
2007,DATA (YYYY-MM-DD),167784,167784,0.0
2007,HORA (UTC),167784,167784,0.0
2007,"PRECIPITAÇÃO TOTAL, HORÁRIO (mm)",167784,154705,7.795
2007,"PRESSAO ATMOSFERICA AO NIVEL DA ESTACAO, HORARIA (mB)",167784,145986,12.992
2007,PRESSÃO ATMOSFERICA MAX.NA HORA ANT. (AUT) (mB),167784,145968,13.002
2007,PRESSÃO ATMOSFERICA MIN. NA HORA ANT. (AUT) (mB),167784,145968,13.002
2007,RADIACAO GLOBAL (KJ/m²),167784,83162,50.435
2007,RADIACAO GLOBAL (Kj/m²),167784,0,100.0
2007,"TEMPERATURA DO AR - BULBO SECO, HORARIA (°C)",167784,154197,8.098
2007,TEMPERATURA DO PONTO DE ORVALHO (°C),167784,152359,9.193
2007,TEMPERATURA MÁXIMA NA HORA ANT. (AUT) (°C),167784,154184,8.106
2007,TEMPERATURA MÍNIMA NA HORA ANT. (AUT) (°C),167784,154184,8.106
2007,TEMPERATURA ORVALHO MAX. NA HORA ANT. (AUT) (°C),167784,152409,9.164
2007,TEMPERATURA ORVALHO MIN. NA HORA ANT. (AUT) (°C),167784,152211,9.282
2007,UMIDADE REL. MAX. NA HORA ANT. (AUT) (%),167784,152694,8.994
2007,UMIDADE REL. MIN. NA HORA ANT. (AUT) (%),167784,152485,9.118
2007,"UMIDADE RELATIVA DO AR, HORARIA (%)",167784,152358,9.194
2007,Unnamed: 19,167784,0,100.0
2007,"VENTO, DIREÇÃO HORARIA (gr) (° (gr))",167784,145905,13.04
2007,"VENTO, RAJADA MAXIMA (m/s)",167784,145362,13.364
2007,"VENTO, VELOCIDADE HORARIA (m/s)",167784,145399,13.342
2007,_file,167784,167784,0.0
2007,_sheet,167784,167784,0.0
2008,DATA (YYYY-MM-DD),240144,240144,0.0
2008,HORA (UTC),240144,240144,0.0
2008,"PRECIPITAÇÃO TOTAL, HORÁRIO (mm)",240144,228782,4.731
2008,"PRESSAO ATMOSFERICA AO NIVEL DA ESTACAO, HORARIA (mB)",240144,220030,8.376
2008,PRESSÃO ATMOSFERICA MAX.NA HORA ANT. (AUT) (mB),240144,219980,8.397
2008,PRESSÃO ATMOSFERICA MIN. NA HORA ANT. (AUT) (mB),240144,219980,8.397
2008,RADIACAO GLOBAL (KJ/m²),240144,127689,46.828
2008,RADIACAO GLOBAL (Kj/m²),240144,0,100.0
2008,"TEMPERATURA DO AR - BULBO SECO, HORARIA (°C)",240144,228760,4.74
2008,TEMPERATURA DO PONTO DE ORVALHO (°C),240144,228751,4.744
2008,TEMPERATURA MÁXIMA NA HORA ANT. (AUT) (°C),240144,228711,4.761
2008,TEMPERATURA MÍNIMA NA HORA ANT. (AUT) (°C),240144,228711,4.761
2008,TEMPERATURA ORVALHO MAX. NA HORA ANT. (AUT) (°C),240144,228711,4.761
2008,TEMPERATURA ORVALHO MIN. NA HORA ANT. (AUT) (°C),240144,228684,4.772
2008,UMIDADE REL. MAX. NA HORA ANT. (AUT) (%),240144,228711,4.761
2008,UMIDADE REL. MIN. NA HORA ANT. (AUT) (%),240144,228707,4.763
2008,"UMIDADE RELATIVA DO AR, HORARIA (%)",240144,228750,4.745
2008,Unnamed: 19,240144,0,100.0
2008,"VENTO, DIREÇÃO HORARIA (gr) (° (gr))",240144,222596,7.307
2008,"VENTO, RAJADA MAXIMA (m/s)",240144,222491,7.351
2008,"VENTO, VELOCIDADE HORARIA (m/s)",240144,222596,7.307
2008,_file,240144,240144,0.0
2008,_sheet,240144,240144,0.0
2009,DATA (YYYY-MM-DD),254040,254040,0.0
2009,HORA (UTC),254040,254040,0.0
2009,"PRECIPITAÇÃO TOTAL, HORÁRIO (mm)",254040,208943,17.752
2009,"PRESSAO ATMOSFERICA AO NIVEL DA ESTACAO, HORARIA (mB)",254040,200223,21.184
2009,PRESSÃO ATMOSFERICA MAX.NA HORA ANT. (AUT) (mB),254040,200064,21.247
2009,PRESSÃO ATMOSFERICA MIN. NA HORA ANT. (AUT) (mB),254040,200064,21.247
2009,RADIACAO GLOBAL (KJ/m²),254040,124018,51.182
2009,RADIACAO GLOBAL (Kj/m²),254040,0,100.0
2009,"TEMPERATURA DO AR - BULBO SECO, HORARIA (°C)",254040,208584,17.893
2009,TEMPERATURA DO PONTO DE ORVALHO (°C),254040,206531,18.701
2009,TEMPERATURA MÁXIMA NA HORA ANT. (AUT) (°C),254040,208425,17.956
2009,TEMPERATURA MÍNIMA NA HORA ANT. (AUT) (°C),254040,208425,17.956
2009,TEMPERATURA ORVALHO MAX. NA HORA ANT. (AUT) (°C),254040,206346,18.774
2009,TEMPERATURA ORVALHO MIN. NA HORA ANT. (AUT) (°C),254040,206182,18.839
2009,UMIDADE REL. MAX. NA HORA ANT. (AUT) (%),254040,206743,18.618
2009,UMIDADE REL. MIN. NA HORA ANT. (AUT) (%),254040,206625,18.664
2009,"UMIDADE RELATIVA DO AR, HORARIA (%)",254040,206932,18.544
2009,Unnamed: 19,254040,0,100.0
2009,"VENTO, DIREÇÃO HORARIA (gr) (° (gr))",254040,202510,20.284
2009,"VENTO, RAJADA MAXIMA (m/s)",254040,202131,20.433
2009,"VENTO, VELOCIDADE HORARIA (m/s)",254040,202510,20.284
2009,_file,254040,254040,0.0
2009,_sheet,254040,254040,0.0
2010,DATA (YYYY-MM-DD),258744,258744,0.0
2010,HORA (UTC),258744,258744,0.0
2010,"PRECIPITAÇÃO TOTAL, HORÁRIO (mm)",258744,241077,6.828
2010,"PRESSAO ATMOSFERICA AO NIVEL DA ESTACAO, HORARIA (mB)",258744,228350,11.747
2010,PRESSÃO ATMOSFERICA MAX.NA HORA ANT. (AUT) (mB),258744,228232,11.792
2010,PRESSÃO ATMOSFERICA MIN. NA HORA ANT. (AUT) (mB),258744,228232,11.792
2010,RADIACAO GLOBAL (KJ/m²),258744,141321,45.382
2010,RADIACAO GLOBAL (Kj/m²),258744,0,100.0
2010,"TEMPERATURA DO AR - BULBO SECO, HORARIA (°C)",258744,240918,6.889
2010,TEMPERATURA DO PONTO DE ORVALHO (°C),258744,240935,6.883
2010,TEMPERATURA MÁXIMA NA HORA ANT. (AUT) (°C),258744,240901,6.896
2010,TEMPERATURA MÍNIMA NA HORA ANT. (AUT) (°C),258744,240951,6.877
2010,TEMPERATURA ORVALHO MAX. NA HORA ANT. (AUT) (°C),258744,240891,6.9
2010,TEMPERATURA ORVALHO MIN. NA HORA ANT. (AUT) (°C),258744,240639,6.997
2010,UMIDADE REL. MAX. NA HORA ANT. (AUT) (%),258744,240902,6.896
2010,UMIDADE REL. MIN. NA HORA ANT. (AUT) (%),258744,240701,6.973
2010,"UMIDADE RELATIVA DO AR, HORARIA (%)",258744,240953,6.876
2010,Unnamed: 19,258744,0,100.0
2010,"VENTO, DIREÇÃO HORARIA (gr) (° (gr))",258744,235805,8.866
2010,"VENTO, RAJADA MAXIMA (m/s)",258744,235558,8.961
2010,"VENTO, VELOCIDADE HORARIA (m/s)",258744,235807,8.865
2010,_file,258744,258744,0.0
2010,_sheet,258744,258744,0.0
2011,DATA (YYYY-MM-DD),269472,269472,0.0
2011,HORA (UTC),269472,269472,0.0
2011,"PRECIPITAÇÃO TOTAL, HORÁRIO (mm)",269472,249960,7.241
2011,"PRESSAO ATMOSFERICA AO NIVEL DA ESTACAO, HORARIA (mB)",269472,246705,8.449
2011,PRESSÃO ATMOSFERICA MAX.NA HORA ANT. (AUT) (mB),269472,246637,8.474
2011,PRESSÃO ATMOSFERICA MIN. NA HORA ANT. (AUT) (mB),269472,246637,8.474
2011,RADIACAO GLOBAL (KJ/m²),269472,147436,45.287
2011,RADIACAO GLOBAL (Kj/m²),269472,0,100.0
2011,"TEMPERATURA DO AR - BULBO SECO, HORARIA (°C)",269472,256625,4.767
2011,TEMPERATURA DO PONTO DE ORVALHO (°C),269472,256104,4.961
2011,TEMPERATURA MÁXIMA NA HORA ANT. (AUT) (°C),269472,256552,4.795
2011,TEMPERATURA MÍNIMA NA HORA ANT. (AUT) (°C),269472,256546,4.797
2011,TEMPERATURA ORVALHO MAX. NA HORA ANT. (AUT) (°C),269472,256410,4.847
2011,TEMPERATURA ORVALHO MIN. NA HORA ANT. (AUT) (°C),269472,255495,5.187
2011,UMIDADE REL. MAX. NA HORA ANT. (AUT) (%),269472,256482,4.821
2011,UMIDADE REL. MIN. NA HORA ANT. (AUT) (%),269472,255527,5.175
2011,"UMIDADE RELATIVA DO AR, HORARIA (%)",269472,256068,4.974
2011,Unnamed: 19,269472,0,100.0
2011,"VENTO, DIREÇÃO HORARIA (gr) (° (gr))",269472,248880,7.642
2011,"VENTO, RAJADA MAXIMA (m/s)",269472,245038,9.067
2011,"VENTO, VELOCIDADE HORARIA (m/s)",269472,245175,9.017
2011,_file,269472,269472,0.0
2011,_sheet,269472,269472,0.0
2012,DATA (YYYY-MM-DD),272304,272304,0.0
2012,HORA (UTC),272304,272304,0.0
2012,"PRECIPITAÇÃO TOTAL, HORÁRIO (mm)",272304,250891,7.864
2012,"PRESSAO ATMOSFERICA AO NIVEL DA ESTACAO, HORARIA (mB)",272304,255730,6.087
2012,PRESSÃO ATMOSFERICA MAX.NA HORA ANT. (AUT) (mB),272304,255661,6.112
2012,PRESSÃO ATMOSFERICA MIN. NA HORA ANT. (AUT) (mB),272304,255661,6.112
2012,RADIACAO GLOBAL (KJ/m²),272304,143357,47.354
2012,RADIACAO GLOBAL (Kj/m²),272304,0,100.0
2012,"TEMPERATURA DO AR - BULBO SECO, HORARIA (°C)",272304,259248,4.795
2012,TEMPERATURA DO PONTO DE ORVALHO (°C),272304,258562,5.047
2012,TEMPERATURA MÁXIMA NA HORA ANT. (AUT) (°C),272304,259193,4.815
2012,TEMPERATURA MÍNIMA NA HORA ANT. (AUT) (°C),272304,259121,4.841
2012,TEMPERATURA ORVALHO MAX. NA HORA ANT. (AUT) (°C),272304,258687,5.001
2012,TEMPERATURA ORVALHO MIN. NA HORA ANT. (AUT) (°C),272304,258113,5.211
2012,UMIDADE REL. MAX. NA HORA ANT. (AUT) (%),272304,258730,4.985
2012,UMIDADE REL. MIN. NA HORA ANT. (AUT) (%),272304,258233,5.167
2012,"UMIDADE RELATIVA DO AR, HORARIA (%)",272304,258569,5.044
2012,Unnamed: 19,272304,0,100.0
2012,"VENTO, DIREÇÃO HORARIA (gr) (° (gr))",272304,244905,10.062
2012,"VENTO, RAJADA MAXIMA (m/s)",272304,244212,10.316
2012,"VENTO, VELOCIDADE HORARIA (m/s)",272304,244329,10.273
2012,_file,272304,272304,0.0
2012,_sheet,272304,272304,0.0
2013,DATA (YYYY-MM-DD),271560,271560,0.0
2013,HORA (UTC),271560,271560,0.0
2013,"PRECIPITAÇÃO TOTAL, HORÁRIO (mm)",271560,244159,10.09
2013,"PRESSAO ATMOSFERICA AO NIVEL DA ESTACAO, HORARIA (mB)",271560,253318,6.717
2013,PRESSÃO ATMOSFERICA MAX.NA HORA ANT. (AUT) (mB),271560,253276,6.733
2013,PRESSÃO ATMOSFERICA MIN. NA HORA ANT. (AUT) (mB),271560,253276,6.733
2013,RADIACAO GLOBAL (KJ/m²),271560,134780,50.368
2013,RADIACAO GLOBAL (Kj/m²),271560,0,100.0
2013,"TEMPERATURA DO AR - BULBO SECO, HORARIA (°C)",271560,252548,7.001
2013,TEMPERATURA DO PONTO DE ORVALHO (°C),271560,248778,8.389
2013,TEMPERATURA MÁXIMA NA HORA ANT. (AUT) (°C),271560,252536,7.005
2013,TEMPERATURA MÍNIMA NA HORA ANT. (AUT) (°C),271560,252537,7.005
2013,TEMPERATURA ORVALHO MAX. NA HORA ANT. (AUT) (°C),271560,249288,8.202
2013,TEMPERATURA ORVALHO MIN. NA HORA ANT. (AUT) (°C),271560,247830,8.738
2013,UMIDADE REL. MAX. NA HORA ANT. (AUT) (%),271560,249581,8.094
2013,UMIDADE REL. MIN. NA HORA ANT. (AUT) (%),271560,248086,8.644
2013,"UMIDADE RELATIVA DO AR, HORARIA (%)",271560,248756,8.397
2013,Unnamed: 19,271560,0,100.0
2013,"VENTO, DIREÇÃO HORARIA (gr) (° (gr))",271560,244906,9.815
2013,"VENTO, RAJADA MAXIMA (m/s)",271560,244858,9.833
2013,"VENTO, VELOCIDADE HORARIA (m/s)",271560,244917,9.811
2013,_file,271560,271560,0.0
2013,_sheet,271560,271560,0.0
2014,DATA (YYYY-MM-DD),271560,271560,0.0
2014,HORA (UTC),271560,271560,0.0
2014,"PRECIPITAÇÃO TOTAL, HORÁRIO (mm)",271560,237176,12.662
2014,"PRESSAO ATMOSFERICA AO NIVEL DA ESTACAO, HORARIA (mB)",271560,248182,8.609
2014,PRESSÃO ATMOSFERICA MAX.NA HORA ANT. (AUT) (mB),271560,248099,8.639
2014,PRESSÃO ATMOSFERICA MIN. NA HORA ANT. (AUT) (mB),271560,248099,8.639
2014,RADIACAO GLOBAL (KJ/m²),271560,133729,50.755
2014,RADIACAO GLOBAL (Kj/m²),271560,0,100.0
2014,"TEMPERATURA DO AR - BULBO SECO, HORARIA (°C)",271560,248178,8.61
2014,TEMPERATURA DO PONTO DE ORVALHO (°C),271560,247107,9.005
2014,TEMPERATURA MÁXIMA NA HORA ANT. (AUT) (°C),271560,248095,8.641
2014,TEMPERATURA MÍNIMA NA HORA ANT. (AUT) (°C),271560,248095,8.641
2014,TEMPERATURA ORVALHO MAX. NA HORA ANT. (AUT) (°C),271560,247556,8.839
2014,TEMPERATURA ORVALHO MIN. NA HORA ANT. (AUT) (°C),271560,246150,9.357
2014,UMIDADE REL. MAX. NA HORA ANT. (AUT) (%),271560,247635,8.81
2014,UMIDADE REL. MIN. NA HORA ANT. (AUT) (%),271560,246299,9.302
2014,"UMIDADE RELATIVA DO AR, HORARIA (%)",271560,246938,9.067
2014,Unnamed: 19,271560,0,100.0
2014,"VENTO, DIREÇÃO HORARIA (gr) (° (gr))",271560,239694,11.734
2014,"VENTO, RAJADA MAXIMA (m/s)",271560,239565,11.782
2014,"VENTO, VELOCIDADE HORARIA (m/s)",271560,239705,11.73
2014,_file,271560,271560,0.0
2014,_sheet,271560,271560,0.0
2015,DATA (YYYY-MM-DD),271560,271560,0.0
2015,HORA (UTC),271560,271560,0.0
2015,"PRECIPITAÇÃO TOTAL, HORÁRIO (mm)",271560,256660,5.487
2015,"PRESSAO ATMOSFERICA AO NIVEL DA ESTACAO, HORARIA (mB)",271560,258874,4.672
2015,PRESSÃO ATMOSFERICA MAX.NA HORA ANT. (AUT) (mB),271560,258783,4.705
2015,PRESSÃO ATMOSFERICA MIN. NA HORA ANT. (AUT) (mB),271560,258783,4.705
2015,RADIACAO GLOBAL (KJ/m²),271560,134973,50.297
2015,RADIACAO GLOBAL (Kj/m²),271560,0,100.0
2015,"TEMPERATURA DO AR - BULBO SECO, HORARIA (°C)",271560,258871,4.673
2015,TEMPERATURA DO PONTO DE ORVALHO (°C),271560,255979,5.738
2015,TEMPERATURA MÁXIMA NA HORA ANT. (AUT) (°C),271560,258781,4.706
2015,TEMPERATURA MÍNIMA NA HORA ANT. (AUT) (°C),271560,258781,4.706
2015,TEMPERATURA ORVALHO MAX. NA HORA ANT. (AUT) (°C),271560,255692,5.843
2015,TEMPERATURA ORVALHO MIN. NA HORA ANT. (AUT) (°C),271560,255692,5.843
2015,UMIDADE REL. MAX. NA HORA ANT. (AUT) (%),271560,255715,5.835
2015,UMIDADE REL. MIN. NA HORA ANT. (AUT) (%),271560,255707,5.838
2015,"UMIDADE RELATIVA DO AR, HORARIA (%)",271560,255966,5.742
2015,Unnamed: 19,271560,0,100.0
2015,"VENTO, DIREÇÃO HORARIA (gr) (° (gr))",271560,255542,5.899
2015,"VENTO, RAJADA MAXIMA (m/s)",271560,255404,5.949
2015,"VENTO, VELOCIDADE HORARIA (m/s)",271560,255543,5.898
2015,_file,271560,271560,0.0
2015,_sheet,271560,271560,0.0
2016,DATA (YYYY-MM-DD),275304,275304,0.0
2016,HORA (UTC),275304,275304,0.0
2016,"PRECIPITAÇÃO TOTAL, HORÁRIO (mm)",275304,260515,5.372
2016,"PRESSAO ATMOSFERICA AO NIVEL DA ESTACAO, HORARIA (mB)",275304,267758,2.741
2016,PRESSÃO ATMOSFERICA MAX.NA HORA ANT. (AUT) (mB),275304,267706,2.76
2016,PRESSÃO ATMOSFERICA MIN. NA HORA ANT. (AUT) (mB),275304,267706,2.76
2016,RADIACAO GLOBAL (KJ/m²),275304,143076,48.03
2016,RADIACAO GLOBAL (Kj/m²),275304,0,100.0
2016,"TEMPERATURA DO AR - BULBO SECO, HORARIA (°C)",275304,267757,2.741
2016,TEMPERATURA DO PONTO DE ORVALHO (°C),275304,263151,4.414
2016,TEMPERATURA MÁXIMA NA HORA ANT. (AUT) (°C),275304,267704,2.761
2016,TEMPERATURA MÍNIMA NA HORA ANT. (AUT) (°C),275304,267704,2.761
2016,TEMPERATURA ORVALHO MAX. NA HORA ANT. (AUT) (°C),275304,262887,4.51
2016,TEMPERATURA ORVALHO MIN. NA HORA ANT. (AUT) (°C),275304,262880,4.513
2016,UMIDADE REL. MAX. NA HORA ANT. (AUT) (%),275304,262915,4.5
2016,UMIDADE REL. MIN. NA HORA ANT. (AUT) (%),275304,262915,4.5
2016,"UMIDADE RELATIVA DO AR, HORARIA (%)",275304,263158,4.412
2016,Unnamed: 19,275304,0,100.0
2016,"VENTO, DIREÇÃO HORARIA (gr) (° (gr))",275304,258816,5.989
2016,"VENTO, RAJADA MAXIMA (m/s)",275304,258739,6.017
2016,"VENTO, VELOCIDADE HORARIA (m/s)",275304,258816,5.989
2016,_file,275304,275304,0.0
2016,_sheet,275304,275304,0.0
2017,DATA (YYYY-MM-DD),319752,319752,0.0
2017,HORA (UTC),319752,319752,0.0
2017,"PRECIPITAÇÃO TOTAL, HORÁRIO (mm)",319752,288001,9.93
2017,"PRESSAO ATMOSFERICA AO NIVEL DA ESTACAO, HORARIA (mB)",319752,303287,5.149
2017,PRESSÃO ATMOSFERICA MAX.NA HORA ANT. (AUT) (mB),319752,303151,5.192
2017,PRESSÃO ATMOSFERICA MIN. NA HORA ANT. (AUT) (mB),319752,303151,5.192
2017,RADIACAO GLOBAL (KJ/m²),319752,165643,48.196
2017,RADIACAO GLOBAL (Kj/m²),319752,0,100.0
2017,"TEMPERATURA DO AR - BULBO SECO, HORARIA (°C)",319752,303285,5.15
2017,TEMPERATURA DO PONTO DE ORVALHO (°C),319752,301596,5.678
2017,TEMPERATURA MÁXIMA NA HORA ANT. (AUT) (°C),319752,303149,5.192
2017,TEMPERATURA MÍNIMA NA HORA ANT. (AUT) (°C),319752,303151,5.192
2017,TEMPERATURA ORVALHO MAX. NA HORA ANT. (AUT) (°C),319752,301456,5.722
2017,TEMPERATURA ORVALHO MIN. NA HORA ANT. (AUT) (°C),319752,301455,5.722
2017,UMIDADE REL. MAX. NA HORA ANT. (AUT) (%),319752,301479,5.715
2017,UMIDADE REL. MIN. NA HORA ANT. (AUT) (%),319752,301469,5.718
2017,"UMIDADE RELATIVA DO AR, HORARIA (%)",319752,301577,5.684
2017,Unnamed: 19,319752,0,100.0
2017,"VENTO, DIREÇÃO HORARIA (gr) (° (gr))",319752,291573,8.813
2017,"VENTO, RAJADA MAXIMA (m/s)",319752,291312,8.894
2017,"VENTO, VELOCIDADE HORARIA (m/s)",319752,291574,8.812
2017,_file,319752,319752,0.0
2017,_sheet,319752,319752,0.0
2018,DATA (YYYY-MM-DD),357432,357432,0.0
2018,HORA (UTC),357432,357432,0.0
2018,"PRECIPITAÇÃO TOTAL, HORÁRIO (mm)",357432,332320,7.026
2018,"PRESSAO ATMOSFERICA AO NIVEL DA ESTACAO, HORARIA (mB)",357432,343982,3.763
2018,PRESSÃO ATMOSFERICA MAX.NA HORA ANT. (AUT) (mB),357432,343938,3.775
2018,PRESSÃO ATMOSFERICA MIN. NA HORA ANT. (AUT) (mB),357432,343938,3.775
2018,RADIACAO GLOBAL (KJ/m²),357432,188314,47.315
2018,RADIACAO GLOBAL (Kj/m²),357432,0,100.0
2018,"TEMPERATURA DO AR - BULBO SECO, HORARIA (°C)",357432,343977,3.764
2018,TEMPERATURA DO PONTO DE ORVALHO (°C),357432,341144,4.557
2018,TEMPERATURA MÁXIMA NA HORA ANT. (AUT) (°C),357432,343935,3.776
2018,TEMPERATURA MÍNIMA NA HORA ANT. (AUT) (°C),357432,343935,3.776
2018,TEMPERATURA ORVALHO MAX. NA HORA ANT. (AUT) (°C),357432,340948,4.612
2018,TEMPERATURA ORVALHO MIN. NA HORA ANT. (AUT) (°C),357432,340946,4.612
2018,UMIDADE REL. MAX. NA HORA ANT. (AUT) (%),357432,341001,4.597
2018,UMIDADE REL. MIN. NA HORA ANT. (AUT) (%),357432,340999,4.598
2018,"UMIDADE RELATIVA DO AR, HORARIA (%)",357432,341133,4.56
2018,Unnamed: 19,357432,0,100.0
2018,"VENTO, DIREÇÃO HORARIA (gr) (° (gr))",357432,323710,9.435
2018,"VENTO, RAJADA MAXIMA (m/s)",357432,323603,9.464
2018,"VENTO, VELOCIDADE HORARIA (m/s)",357432,323711,9.434
2018,_file,357432,357432,0.0
2018,_sheet,357432,357432,0.0
2019,DATA (YYYY-MM-DD),363528,363528,0.0
2019,HORA (UTC),363528,363528,0.0
2019,"PRECIPITAÇÃO TOTAL, HORÁRIO (mm)",363528,313057,13.884
2019,"PRESSAO ATMOSFERICA AO NIVEL DA ESTACAO, HORARIA (mB)",363528,340749,6.266
2019,PRESSÃO ATMOSFERICA MAX.NA HORA ANT. (AUT) (mB),363528,340634,6.298
2019,PRESSÃO ATMOSFERICA MIN. NA HORA ANT. (AUT) (mB),363528,340634,6.298
2019,RADIACAO GLOBAL (KJ/m²),363528,190398,47.625
2019,RADIACAO GLOBAL (Kj/m²),363528,0,100.0
2019,"TEMPERATURA DO AR - BULBO SECO, HORARIA (°C)",363528,340749,6.266
2019,TEMPERATURA DO PONTO DE ORVALHO (°C),363528,332576,8.514
2019,TEMPERATURA MÁXIMA NA HORA ANT. (AUT) (°C),363528,340633,6.298
2019,TEMPERATURA MÍNIMA NA HORA ANT. (AUT) (°C),363528,340633,6.298
2019,TEMPERATURA ORVALHO MAX. NA HORA ANT. (AUT) (°C),363528,332250,8.604
2019,TEMPERATURA ORVALHO MIN. NA HORA ANT. (AUT) (°C),363528,332086,8.649
2019,UMIDADE REL. MAX. NA HORA ANT. (AUT) (%),363528,332388,8.566
2019,UMIDADE REL. MIN. NA HORA ANT. (AUT) (%),363528,332162,8.628
2019,"UMIDADE RELATIVA DO AR, HORARIA (%)",363528,332582,8.513
2019,Unnamed: 19,363528,0,100.0
2019,"VENTO, DIREÇÃO HORARIA (gr) (° (gr))",363528,315386,13.243
2019,"VENTO, RAJADA MAXIMA (m/s)",363528,315243,13.282
2019,"VENTO, VELOCIDADE HORARIA (m/s)",363528,315387,13.243
2019,_file,363528,363528,0.0
2019,_sheet,363528,363528,0.0
2020,DATA (YYYY-MM-DD),377712,377712,0.0
2020,HORA (UTC),377712,377712,0.0
2020,"PRECIPITAÇÃO TOTAL, HORÁRIO (mm)",377712,250160,33.77
2020,"PRESSAO ATMOSFERICA AO NIVEL DA ESTACAO, HORARIA (mB)",377712,293996,22.164
2020,PRESSÃO ATMOSFERICA MAX.NA HORA ANT. (AUT) (mB),377712,293690,22.245
2020,PRESSÃO ATMOSFERICA MIN. NA HORA ANT. (AUT) (mB),377712,293690,22.245
2020,RADIACAO GLOBAL (KJ/m²),377712,0,100.0
2020,RADIACAO GLOBAL (Kj/m²),377712,170087,54.969
2020,"TEMPERATURA DO AR - BULBO SECO, HORARIA (°C)",377712,293997,22.164
2020,TEMPERATURA DO PONTO DE ORVALHO (°C),377712,287339,23.926
2020,TEMPERATURA MÁXIMA NA HORA ANT. (AUT) (°C),377712,293689,22.245
2020,TEMPERATURA MÍNIMA NA HORA ANT. (AUT) (°C),377712,293691,22.245
2020,TEMPERATURA ORVALHO MAX. NA HORA ANT. (AUT) (°C),377712,286771,24.077
2020,TEMPERATURA ORVALHO MIN. NA HORA ANT. (AUT) (°C),377712,286753,24.082
2020,UMIDADE REL. MAX. NA HORA ANT. (AUT) (%),377712,286816,24.065
2020,UMIDADE REL. MIN. NA HORA ANT. (AUT) (%),377712,286812,24.066
2020,"UMIDADE RELATIVA DO AR, HORARIA (%)",377712,287350,23.924
2020,Unnamed: 19,377712,0,100.0
2020,"VENTO, DIREÇÃO HORARIA (gr) (° (gr))",377712,277882,26.43
2020,"VENTO, RAJADA MAXIMA (m/s)",377712,277313,26.581
2020,"VENTO, VELOCIDADE HORARIA (m/s)",377712,277886,26.429
2020,_file,377712,377712,0.0
2020,_sheet,377712,377712,0.0
2021,DATA (YYYY-MM-DD),367920,367920,0.0
2021,HORA (UTC),367920,367920,0.0
2021,"PRECIPITAÇÃO TOTAL, HORÁRIO (mm)",367920,169965,53.804
2021,"PRESSAO ATMOSFERICA AO NIVEL DA ESTACAO, HORARIA (mB)",367920,206719,43.814
2021,PRESSÃO ATMOSFERICA MAX.NA HORA ANT. (AUT) (mB),367920,205275,44.207
2021,PRESSÃO ATMOSFERICA MIN. NA HORA ANT. (AUT) (mB),367920,205275,44.207
2021,RADIACAO GLOBAL (KJ/m²),367920,0,100.0
2021,RADIACAO GLOBAL (Kj/m²),367920,121504,66.975
2021,"TEMPERATURA DO AR - BULBO SECO, HORARIA (°C)",367920,206200,43.955
2021,TEMPERATURA DO PONTO DE ORVALHO (°C),367920,202687,44.91
2021,TEMPERATURA MÁXIMA NA HORA ANT. (AUT) (°C),367920,204756,44.348
2021,TEMPERATURA MÍNIMA NA HORA ANT. (AUT) (°C),367920,204756,44.348
2021,TEMPERATURA ORVALHO MAX. NA HORA ANT. (AUT) (°C),367920,201067,45.35
2021,TEMPERATURA ORVALHO MIN. NA HORA ANT. (AUT) (°C),367920,200965,45.378
2021,UMIDADE REL. MAX. NA HORA ANT. (AUT) (%),367920,201107,45.339
2021,UMIDADE REL. MIN. NA HORA ANT. (AUT) (%),367920,201141,45.33
2021,"UMIDADE RELATIVA DO AR, HORARIA (%)",367920,202734,44.897
2021,Unnamed: 19,367920,0,100.0
2021,"VENTO, DIREÇÃO HORARIA (gr) (° (gr))",367920,192698,47.625
2021,"VENTO, RAJADA MAXIMA (m/s)",367920,192089,47.791
2021,"VENTO, VELOCIDADE HORARIA (m/s)",367920,192699,47.625
2021,_file,367920,367920,0.0
2021,_sheet,367920,367920,0.0
2022,DATA (YYYY-MM-DD),332880,332880,0.0
2022,HORA (UTC),332880,332880,0.0
2022,"PRECIPITAÇÃO TOTAL, HORÁRIO (mm)",332880,270495,18.741
2022,"PRESSAO ATMOSFERICA AO NIVEL DA ESTACAO, HORARIA (mB)",332880,274546,17.524
2022,PRESSÃO ATMOSFERICA MAX.NA HORA ANT. (AUT) (mB),332880,273200,17.928
2022,PRESSÃO ATMOSFERICA MIN. NA HORA ANT. (AUT) (mB),332880,273200,17.928
2022,RADIACAO GLOBAL (KJ/m²),332880,0,100.0
2022,RADIACAO GLOBAL (Kj/m²),332880,153530,53.878
2022,"TEMPERATURA DO AR - BULBO SECO, HORARIA (°C)",332880,274754,17.462
2022,TEMPERATURA DO PONTO DE ORVALHO (°C),332880,268012,19.487
2022,TEMPERATURA MÁXIMA NA HORA ANT. (AUT) (°C),332880,273198,17.929
2022,TEMPERATURA MÍNIMA NA HORA ANT. (AUT) (°C),332880,273199,17.929
2022,TEMPERATURA ORVALHO MAX. NA HORA ANT. (AUT) (°C),332880,266204,20.03
2022,TEMPERATURA ORVALHO MIN. NA HORA ANT. (AUT) (°C),332880,266202,20.031
2022,UMIDADE REL. MAX. NA HORA ANT. (AUT) (%),332880,266210,20.028
2022,UMIDADE REL. MIN. NA HORA ANT. (AUT) (%),332880,266226,20.023
2022,"UMIDADE RELATIVA DO AR, HORARIA (%)",332880,267993,19.493
2022,Unnamed: 19,332880,0,100.0
2022,"VENTO, DIREÇÃO HORARIA (gr) (° (gr))",332880,256927,22.817
2022,"VENTO, RAJADA MAXIMA (m/s)",332880,261441,21.461
2022,"VENTO, VELOCIDADE HORARIA (m/s)",332880,261913,21.319
2022,_file,332880,332880,0.0
2022,_sheet,332880,332880,0.0
2023,DATA (YYYY-MM-DD),350400,350400,0.0
2023,HORA (UTC),350400,350400,0.0
2023,"PRECIPITAÇÃO TOTAL, HORÁRIO (mm)",350400,306286,12.59
2023,"PRESSAO ATMOSFERICA AO NIVEL DA ESTACAO, HORARIA (mB)",350400,332236,5.184
2023,PRESSÃO ATMOSFERICA MAX.NA HORA ANT. (AUT) (mB),350400,332270,5.174
2023,PRESSÃO ATMOSFERICA MIN. NA HORA ANT. (AUT) (mB),350400,332269,5.174
2023,RADIACAO GLOBAL (KJ/m²),350400,0,100.0
2023,RADIACAO GLOBAL (Kj/m²),350400,183819,47.54
2023,"TEMPERATURA DO AR - BULBO SECO, HORARIA (°C)",350400,332308,5.163
2023,TEMPERATURA DO PONTO DE ORVALHO (°C),350400,315088,10.078
2023,TEMPERATURA MÁXIMA NA HORA ANT. (AUT) (°C),350400,332284,5.17
2023,TEMPERATURA MÍNIMA NA HORA ANT. (AUT) (°C),350400,332284,5.17
2023,TEMPERATURA ORVALHO MAX. NA HORA ANT. (AUT) (°C),350400,314673,10.196
2023,TEMPERATURA ORVALHO MIN. NA HORA ANT. (AUT) (°C),350400,314658,10.2
2023,UMIDADE REL. MAX. NA HORA ANT. (AUT) (%),350400,314747,10.175
2023,UMIDADE REL. MIN. NA HORA ANT. (AUT) (%),350400,314746,10.175
2023,"UMIDADE RELATIVA DO AR, HORARIA (%)",350400,315104,10.073
2023,Unnamed: 19,350400,0,100.0
2023,"VENTO, DIREÇÃO HORARIA (gr) (° (gr))",350400,294922,15.833
2023,"VENTO, RAJADA MAXIMA (m/s)",350400,292755,16.451
2023,"VENTO, VELOCIDADE HORARIA (m/s)",350400,292921,16.404
2023,_file,350400,350400,0.0
2023,_sheet,350400,350400,0.0
2024,DATA (YYYY-MM-DD),351360,351360,0.0
2024,HORA (UTC),351360,351360,0.0
2024,"PRECIPITAÇÃO TOTAL, HORÁRIO (mm)",351360,280965,20.035
2024,"PRESSAO ATMOSFERICA AO NIVEL DA ESTACAO, HORARIA (mB)",351360,307455,12.496
2024,PRESSÃO ATMOSFERICA MAX.NA HORA ANT. (AUT) (mB),351360,307177,12.575
2024,PRESSÃO ATMOSFERICA MIN. NA HORA ANT. (AUT) (mB),351360,307177,12.575
2024,RADIACAO GLOBAL (KJ/m²),351360,0,100.0
2024,RADIACAO GLOBAL (Kj/m²),351360,172947,50.778
2024,"TEMPERATURA DO AR - BULBO SECO, HORARIA (°C)",351360,306528,12.76
2024,TEMPERATURA DO PONTO DE ORVALHO (°C),351360,291740,16.968
2024,TEMPERATURA MÁXIMA NA HORA ANT. (AUT) (°C),351360,306208,12.851
2024,TEMPERATURA MÍNIMA NA HORA ANT. (AUT) (°C),351360,306208,12.851
2024,TEMPERATURA ORVALHO MAX. NA HORA ANT. (AUT) (°C),351360,291186,17.126
2024,TEMPERATURA ORVALHO MIN. NA HORA ANT. (AUT) (°C),351360,291170,17.131
2024,UMIDADE REL. MAX. NA HORA ANT. (AUT) (%),351360,291282,17.099
2024,UMIDADE REL. MIN. NA HORA ANT. (AUT) (%),351360,291262,17.104
2024,"UMIDADE RELATIVA DO AR, HORARIA (%)",351360,291739,16.969
2024,Unnamed: 19,351360,0,100.0
2024,"VENTO, DIREÇÃO HORARIA (gr) (° (gr))",351360,276578,21.284
2024,"VENTO, RAJADA MAXIMA (m/s)",351360,268077,23.703
2024,"VENTO, VELOCIDADE HORARIA (m/s)",351360,268512,23.579
2024,_file,351360,351360,0.0
2024,_sheet,351360,351360,0.0
