episodio_inicio,limiar,horizonte,modelo,threshold_vol,primeiro_alerta,antecedencia_dias,falso_alarme_episodios_ano
2003-10-01,30,30,B3,30.0,2003-09-12,19.0,0.1
2013-12-17,30,30,B3,30.0,sem alerta,,0.1
2021-10-01,30,30,B3,30.0,2021-09-13,18.0,0.1
2003-10-01,30,30,XGBRes,29.0,2003-09-15,16.0,0.2
2013-12-17,30,30,XGBRes,29.0,sem alerta,,0.2
2021-10-01,30,30,XGBRes,29.0,2021-09-02,29.0,0.2
2003-08-15,40,30,B3,40.0,2003-07-26,20.0,0.05
2005-10-20,40,30,B3,40.0,2005-09-24,26.0,0.05
2006-10-30,40,30,B3,40.0,2006-10-08,22.0,0.05
2007-08-29,40,30,B3,40.0,2007-06-30,60.0,0.05
2013-10-01,40,30,B3,40.0,2013-09-13,18.0,0.05
2018-07-28,40,30,B3,40.0,2018-07-06,22.0,0.05
2019-11-06,40,30,B3,40.0,2019-10-21,16.0,0.05
2020-10-06,40,30,B3,40.0,2020-09-17,19.0,0.05
2021-08-10,40,30,B3,40.0,2021-07-13,28.0,0.05
2022-06-26,40,30,B3,40.0,2022-05-28,29.0,0.05
2003-08-15,40,30,XGBRes,40.0,2003-07-21,25.0,0.1
2005-10-20,40,30,XGBRes,40.0,2005-10-02,18.0,0.1
2006-10-30,40,30,XGBRes,40.0,2006-10-07,23.0,0.1
2007-08-29,40,30,XGBRes,40.0,2007-06-25,65.0,0.1
2013-10-01,40,30,XGBRes,40.0,2013-09-14,17.0,0.1
2018-07-28,40,30,XGBRes,40.0,2018-06-22,36.0,0.1
2019-11-06,40,30,XGBRes,40.0,2019-10-13,24.0,0.1
2020-10-06,40,30,XGBRes,40.0,2020-09-04,32.0,0.1
2021-08-10,40,30,XGBRes,40.0,2021-07-02,39.0,0.1
2022-06-26,40,30,XGBRes,40.0,2022-05-14,43.0,0.1
2003-10-01,30,60,B3,27.0,2003-09-07,24.0,0.05
2013-12-17,30,60,B3,27.0,sem alerta,,0.05
2021-10-01,30,60,B3,27.0,2021-09-10,21.0,0.05
2003-10-01,30,60,XGBRes,27.0,2003-08-26,36.0,0.2
2013-12-17,30,60,XGBRes,27.0,sem alerta,,0.2
2021-10-01,30,60,XGBRes,27.0,2021-08-29,33.0,0.2
2003-08-15,40,60,B3,41.0,2003-07-02,44.0,0.0
2005-10-20,40,60,B3,41.0,2005-08-19,62.0,0.0
2006-10-30,40,60,B3,41.0,2006-09-12,48.0,0.0
2007-08-29,40,60,B3,41.0,2007-05-28,93.0,0.0
2013-10-01,40,60,B3,41.0,2013-08-22,40.0,0.0
2018-07-28,40,60,B3,41.0,2018-06-06,52.0,0.0
2019-11-06,40,60,B3,41.0,2019-09-18,49.0,0.0
2020-10-06,40,60,B3,41.0,2020-08-20,47.0,0.0
2021-08-10,40,60,B3,41.0,2021-06-13,58.0,0.0
2022-06-26,40,60,B3,41.0,2022-05-07,50.0,0.0
2003-08-15,40,60,XGBRes,41.0,2003-06-27,49.0,0.15
2005-10-20,40,60,XGBRes,41.0,2005-07-30,82.0,0.15
2006-10-30,40,60,XGBRes,41.0,2006-08-29,62.0,0.15
2007-08-29,40,60,XGBRes,41.0,2007-05-10,111.0,0.15
2013-10-01,40,60,XGBRes,41.0,2013-08-14,48.0,0.15
2018-07-28,40,60,XGBRes,41.0,2018-05-01,88.0,0.15
2019-11-06,40,60,XGBRes,41.0,2019-08-02,96.0,0.15
2020-10-06,40,60,XGBRes,41.0,2020-07-20,78.0,0.15
2021-08-10,40,60,XGBRes,41.0,2021-05-20,82.0,0.15
2022-06-26,40,60,XGBRes,41.0,2022-04-21,66.0,0.15
2003-10-01,30,90,B3,27.0,2003-08-17,45.0,0.1
2013-12-17,30,90,B3,27.0,sem alerta,,0.1
2021-10-01,30,90,B3,27.0,2021-08-23,39.0,0.1
2003-10-01,30,90,XGBRes,27.0,2003-09-08,23.0,0.35
2013-12-17,30,90,XGBRes,27.0,sem alerta,,0.35
2021-10-01,30,90,XGBRes,27.0,2021-07-13,80.0,0.35
2003-08-15,40,90,B3,43.0,2003-06-08,68.0,0.0
2005-10-20,40,90,B3,43.0,2005-07-06,106.0,0.0
2006-10-30,40,90,B3,43.0,2006-08-11,80.0,0.0
2007-08-29,40,90,B3,43.0,2007-05-03,118.0,0.0
2013-10-01,40,90,B3,43.0,2013-07-15,78.0,0.0
2018-07-28,40,90,B3,43.0,2018-05-11,78.0,0.0
2019-11-06,40,90,B3,43.0,2019-07-20,109.0,0.0
2020-10-06,40,90,B3,43.0,2020-07-13,85.0,0.0
2021-08-10,40,90,B3,43.0,2021-05-12,90.0,0.0
2022-06-26,40,90,B3,43.0,2022-04-08,79.0,0.0
2003-08-15,40,90,XGBRes,41.0,2003-06-07,69.0,0.2
2005-10-20,40,90,XGBRes,41.0,2005-06-29,113.0,0.2
2006-10-30,40,90,XGBRes,41.0,2006-08-01,90.0,0.2
2007-08-29,40,90,XGBRes,41.0,2007-05-01,120.0,0.2
2013-10-01,40,90,XGBRes,41.0,2013-08-01,61.0,0.2
2018-07-28,40,90,XGBRes,41.0,2018-04-20,99.0,0.2
2019-11-06,40,90,XGBRes,41.0,2019-07-26,103.0,0.2
2020-10-06,40,90,XGBRes,41.0,2020-07-01,97.0,0.2
2021-08-10,40,90,XGBRes,41.0,2021-04-24,108.0,0.2
2022-06-26,40,90,XGBRes,41.0,2022-04-01,86.0,0.2
