fold,modelo,horizonte,MAE,skill_B1,skill_B3
2003-2006,LSTM,30,3.399,0.296,-0.0551
2003-2006,LSTM,60,5.974,0.3144,-0.1337
2003-2006,LSTM,90,7.562,0.3617,-0.0503
2007-2012,LSTM,30,2.885,0.2572,0.0349
2007-2012,LSTM,60,4.886,0.3006,0.0
2007-2012,LSTM,90,6.155,0.3561,0.0024
2013-2017,LSTM,30,2.733,0.2973,0.1143
2013-2017,LSTM,60,5.115,0.3117,0.1045
2013-2017,LSTM,90,6.984,0.3478,0.1492
2018-2022,LSTM,30,1.972,0.4768,0.0321
2018-2022,LSTM,60,3.519,0.5137,0.0239
2018-2022,LSTM,90,4.996,0.5194,-0.0202
