fold,modelo,horizonte,chuva,MAE,skill_B1,skill_B3,config
2003-2006,B3,30,era5,3.199,0.3374,0.0,—
2007-2012,B3,30,era5,2.985,0.2316,0.0,—
2013-2017,B3,30,era5,3.073,0.2099,0.0,—
2018-2022,B3,30,era5,2.029,0.4618,0.0,—
2003-2006,RidgeRes,30,era5,3.242,0.3285,-0.0134,{'alpha': 100.0}
2007-2012,RidgeRes,30,era5,2.775,0.2856,0.0702,{'alpha': 100.0}
2013-2017,RidgeRes,30,era5,2.337,0.3991,0.2395,{'alpha': 100.0}
2018-2022,RidgeRes,30,era5,2.886,0.2344,-0.4227,{'alpha': 100.0}
2003-2006,XGBRes,30,era5,3.604,0.2535,-0.1265,"{'max_depth': 3, 'n_estimators': 400, 'learning_rate': 0.03, 'reg_lambda': 20.0, 'subsample': 0.8, 'colsample_bytree': 0.8, 'min_child_weight': 5}"
2007-2012,XGBRes,30,era5,2.777,0.2852,0.0697,"{'max_depth': 3, 'n_estimators': 400, 'learning_rate': 0.03, 'reg_lambda': 20.0, 'subsample': 0.8, 'colsample_bytree': 0.8, 'min_child_weight': 5}"
2013-2017,XGBRes,30,era5,2.977,0.2346,0.0313,"{'max_depth': 3, 'n_estimators': 400, 'learning_rate': 0.03, 'reg_lambda': 20.0, 'subsample': 0.8, 'colsample_bytree': 0.8, 'min_child_weight': 5}"
2018-2022,XGBRes,30,era5,2.009,0.4669,0.0095,"{'max_depth': 3, 'n_estimators': 400, 'learning_rate': 0.03, 'reg_lambda': 20.0, 'subsample': 0.8, 'colsample_bytree': 0.8, 'min_child_weight': 5}"
2003-2006,B3,60,era5,5.234,0.3992,0.0,—
2007-2012,B3,60,era5,4.887,0.3006,0.0,—
2013-2017,B3,60,era5,5.697,0.2334,0.0,—
2018-2022,B3,60,era5,3.587,0.5043,0.0,—
2003-2006,RidgeRes,60,era5,5.306,0.391,-0.0137,{'alpha': 100.0}
2007-2012,RidgeRes,60,era5,4.851,0.3057,0.0074,{'alpha': 100.0}
2013-2017,RidgeRes,60,era5,4.211,0.4334,0.2608,{'alpha': 100.0}
2018-2022,RidgeRes,60,era5,6.138,0.1519,-0.711,{'alpha': 100.0}
2003-2006,XGBRes,60,era5,5.407,0.3794,-0.0331,"{'max_depth': 3, 'n_estimators': 400, 'learning_rate': 0.03, 'reg_lambda': 20.0, 'subsample': 0.8, 'colsample_bytree': 0.8, 'min_child_weight': 5}"
2007-2012,XGBRes,60,era5,4.905,0.298,-0.0037,"{'max_depth': 3, 'n_estimators': 400, 'learning_rate': 0.03, 'reg_lambda': 20.0, 'subsample': 0.8, 'colsample_bytree': 0.8, 'min_child_weight': 5}"
2013-2017,XGBRes,60,era5,5.172,0.3041,0.0922,"{'max_depth': 3, 'n_estimators': 400, 'learning_rate': 0.03, 'reg_lambda': 20.0, 'subsample': 0.8, 'colsample_bytree': 0.8, 'min_child_weight': 5}"
2018-2022,XGBRes,60,era5,3.522,0.5134,0.0183,"{'max_depth': 3, 'n_estimators': 400, 'learning_rate': 0.03, 'reg_lambda': 20.0, 'subsample': 0.8, 'colsample_bytree': 0.8, 'min_child_weight': 5}"
2003-2006,B3,90,era5,7.173,0.3946,0.0,—
2007-2012,B3,90,era5,6.191,0.3524,0.0,—
2013-2017,B3,90,era5,8.203,0.2339,0.0,—
2018-2022,B3,90,era5,4.864,0.5321,0.0,—
2003-2006,RidgeRes,90,era5,7.228,0.39,-0.0076,{'alpha': 100.0}
2007-2012,RidgeRes,90,era5,6.416,0.3288,-0.0364,{'alpha': 100.0}
2013-2017,RidgeRes,90,era5,5.845,0.4542,0.2875,{'alpha': 100.0}
2018-2022,RidgeRes,90,era5,9.065,0.1279,-0.8639,{'alpha': 100.0}
2003-2006,XGBRes,90,era5,8.145,0.3125,-0.1355,"{'max_depth': 2, 'n_estimators': 400, 'learning_rate': 0.03, 'reg_lambda': 10.0, 'subsample': 0.8, 'colsample_bytree': 0.8, 'min_child_weight': 5}"
2007-2012,XGBRes,90,era5,6.208,0.3506,-0.0027,"{'max_depth': 2, 'n_estimators': 400, 'learning_rate': 0.03, 'reg_lambda': 10.0, 'subsample': 0.8, 'colsample_bytree': 0.8, 'min_child_weight': 5}"
2013-2017,XGBRes,90,era5,6.239,0.4173,0.2394,"{'max_depth': 2, 'n_estimators': 400, 'learning_rate': 0.03, 'reg_lambda': 10.0, 'subsample': 0.8, 'colsample_bytree': 0.8, 'min_child_weight': 5}"
2018-2022,XGBRes,90,era5,5.05,0.5142,-0.0383,"{'max_depth': 2, 'n_estimators': 400, 'learning_rate': 0.03, 'reg_lambda': 10.0, 'subsample': 0.8, 'colsample_bytree': 0.8, 'min_child_weight': 5}"
