conjunto,modelo,horizonte,limiar,recorte,PR_AUC,ROC_AUC,Brier,prevalencia
CLIMA,B1_persistencia,30,30,entrada,0.4614,0.9598,,0.0284
CLIMA,B1_persistencia,30,30,todos,0.6595,0.9714,,0.1972
CLIMA,B1_persistencia,30,40,entrada,0.4791,0.9376,,0.0737
CLIMA,B1_persistencia,30,40,todos,0.931,0.9693,,0.3616
CLIMA,B1_persistencia,60,30,entrada,0.3754,0.914,,0.0531
CLIMA,B1_persistencia,60,30,todos,0.538,0.9296,,0.1972
CLIMA,B1_persistencia,60,40,entrada,0.534,0.8631,,0.1452
CLIMA,B1_persistencia,60,40,todos,0.8065,0.9068,,0.3616
CLIMA,B1_persistencia,90,30,entrada,0.2633,0.8554,,0.0654
CLIMA,B1_persistencia,90,30,todos,0.4873,0.8818,,0.1972
CLIMA,B1_persistencia,90,40,entrada,0.469,0.7796,,0.2004
CLIMA,B1_persistencia,90,40,todos,0.6994,0.8341,,0.3616
CLIMA,B3_persist_sazonal,30,30,entrada,0.5292,0.9791,,0.0284
CLIMA,B3_persist_sazonal,30,30,todos,0.7243,0.9836,,0.1972
CLIMA,B3_persist_sazonal,30,40,entrada,0.748,0.9868,,0.0737
CLIMA,B3_persist_sazonal,30,40,todos,0.9826,0.9935,,0.3616
CLIMA,B3_persist_sazonal,60,30,entrada,0.3798,0.9311,,0.0531
CLIMA,B3_persist_sazonal,60,30,todos,0.5516,0.9563,,0.1972
CLIMA,B3_persist_sazonal,60,40,entrada,0.8706,0.9728,,0.1452
CLIMA,B3_persist_sazonal,60,40,todos,0.9759,0.9833,,0.3616
CLIMA,B3_persist_sazonal,90,30,entrada,0.3578,0.901,,0.0654
CLIMA,B3_persist_sazonal,90,30,todos,0.5206,0.9398,,0.1972
CLIMA,B3_persist_sazonal,90,40,entrada,0.8059,0.9596,,0.2004
CLIMA,B3_persist_sazonal,90,40,todos,0.9624,0.97,,0.3616
CLIMA,LogReg,30,30,entrada,0.3072,0.808,0.2902,0.0284
CLIMA,LogReg,30,30,todos,0.3514,0.6936,0.3488,0.1972
CLIMA,LogReg,30,40,entrada,0.2714,0.8156,0.2718,0.0737
CLIMA,LogReg,30,40,todos,0.6311,0.7453,0.297,0.3616
CLIMA,LogReg,60,30,entrada,0.2776,0.745,0.3135,0.0531
CLIMA,LogReg,60,30,todos,0.383,0.6803,0.3543,0.1972
CLIMA,LogReg,60,40,entrada,0.4153,0.8522,0.2462,0.1452
CLIMA,LogReg,60,40,todos,0.6636,0.7689,0.2815,0.3616
CLIMA,LogReg,90,30,entrada,0.3106,0.7336,0.3154,0.0654
CLIMA,LogReg,90,30,todos,0.4098,0.7054,0.3505,0.1972
CLIMA,LogReg,90,40,entrada,0.5381,0.8904,0.2202,0.2004
CLIMA,LogReg,90,40,todos,0.6851,0.8068,0.2628,0.3616
CLIMA,RandomForestClf,30,30,entrada,0.0345,0.5704,0.1158,0.0284
CLIMA,RandomForestClf,30,30,todos,0.2368,0.6398,0.2519,0.1972
CLIMA,RandomForestClf,30,40,entrada,0.2982,0.832,0.1732,0.0737
CLIMA,RandomForestClf,30,40,todos,0.5452,0.714,0.2505,0.3616
CLIMA,RandomForestClf,60,30,entrada,0.1094,0.6774,0.1406,0.0531
CLIMA,RandomForestClf,60,30,todos,0.2836,0.7012,0.2535,0.1972
CLIMA,RandomForestClf,60,40,entrada,0.3952,0.834,0.1802,0.1452
CLIMA,RandomForestClf,60,40,todos,0.5668,0.7506,0.2641,0.3616
CLIMA,RandomForestClf,90,30,entrada,0.3268,0.727,0.1636,0.0654
CLIMA,RandomForestClf,90,30,todos,0.3668,0.7248,0.2504,0.1972
CLIMA,RandomForestClf,90,40,entrada,0.4634,0.8446,0.1828,0.2004
CLIMA,RandomForestClf,90,40,todos,0.5849,0.749,0.2666,0.3616
CLIMA,XGBClf,30,30,entrada,0.1263,0.5867,0.1679,0.0284
CLIMA,XGBClf,30,30,todos,0.2453,0.5726,0.3068,0.1972
CLIMA,XGBClf,30,40,entrada,0.2009,0.7826,0.2182,0.0737
CLIMA,XGBClf,30,40,todos,0.5222,0.6968,0.3228,0.3616
CLIMA,XGBClf,60,30,entrada,0.2672,0.7639,0.1916,0.0531
CLIMA,XGBClf,60,30,todos,0.3745,0.7652,0.3022,0.1972
CLIMA,XGBClf,60,40,entrada,0.4461,0.8542,0.229,0.1452
CLIMA,XGBClf,60,40,todos,0.5565,0.7154,0.3424,0.3616
CLIMA,XGBClf,90,30,entrada,0.3607,0.7226,0.1786,0.0654
CLIMA,XGBClf,90,30,todos,0.4433,0.7434,0.2723,0.1972
CLIMA,XGBClf,90,40,entrada,0.512,0.8474,0.2466,0.2004
CLIMA,XGBClf,90,40,todos,0.6041,0.7379,0.3308,0.3616
CLIMA,regra_SPI6<-1,30,30,entrada,0.1269,0.6442,,0.0284
CLIMA,regra_SPI6<-1,30,30,todos,0.2632,0.556,,0.1972
CLIMA,regra_SPI6<-1,30,40,entrada,0.1156,0.4989,,0.0737
CLIMA,regra_SPI6<-1,30,40,todos,0.3749,0.4674,,0.3616
CLIMA,regra_SPI6<-1,60,30,entrada,0.12,0.5825,,0.0531
CLIMA,regra_SPI6<-1,60,30,todos,0.2777,0.5993,,0.1972
CLIMA,regra_SPI6<-1,60,40,entrada,0.2157,0.5184,,0.1452
CLIMA,regra_SPI6<-1,60,40,todos,0.4158,0.5317,,0.3616
CLIMA,regra_SPI6<-1,90,30,entrada,0.215,0.6205,,0.0654
CLIMA,regra_SPI6<-1,90,30,todos,0.3146,0.648,,0.1972
CLIMA,regra_SPI6<-1,90,40,entrada,0.3111,0.5497,,0.2004
CLIMA,regra_SPI6<-1,90,40,todos,0.4716,0.6068,,0.3616
CLIMA_ESTADO,B1_persistencia,30,30,entrada,0.4614,0.9598,,0.0284
CLIMA_ESTADO,B1_persistencia,30,30,todos,0.6595,0.9714,,0.1972
CLIMA_ESTADO,B1_persistencia,30,40,entrada,0.4791,0.9376,,0.0737
CLIMA_ESTADO,B1_persistencia,30,40,todos,0.931,0.9693,,0.3616
CLIMA_ESTADO,B1_persistencia,60,30,entrada,0.3754,0.914,,0.0531
CLIMA_ESTADO,B1_persistencia,60,30,todos,0.538,0.9296,,0.1972
CLIMA_ESTADO,B1_persistencia,60,40,entrada,0.534,0.8631,,0.1452
CLIMA_ESTADO,B1_persistencia,60,40,todos,0.8065,0.9068,,0.3616
CLIMA_ESTADO,B1_persistencia,90,30,entrada,0.2633,0.8554,,0.0654
CLIMA_ESTADO,B1_persistencia,90,30,todos,0.4873,0.8818,,0.1972
CLIMA_ESTADO,B1_persistencia,90,40,entrada,0.469,0.7796,,0.2004
CLIMA_ESTADO,B1_persistencia,90,40,todos,0.6994,0.8341,,0.3616
CLIMA_ESTADO,B3_persist_sazonal,30,30,entrada,0.5292,0.9791,,0.0284
CLIMA_ESTADO,B3_persist_sazonal,30,30,todos,0.7243,0.9836,,0.1972
CLIMA_ESTADO,B3_persist_sazonal,30,40,entrada,0.748,0.9868,,0.0737
CLIMA_ESTADO,B3_persist_sazonal,30,40,todos,0.9826,0.9935,,0.3616
CLIMA_ESTADO,B3_persist_sazonal,60,30,entrada,0.3798,0.9311,,0.0531
CLIMA_ESTADO,B3_persist_sazonal,60,30,todos,0.5516,0.9563,,0.1972
CLIMA_ESTADO,B3_persist_sazonal,60,40,entrada,0.8706,0.9728,,0.1452
CLIMA_ESTADO,B3_persist_sazonal,60,40,todos,0.9759,0.9833,,0.3616
CLIMA_ESTADO,B3_persist_sazonal,90,30,entrada,0.3578,0.901,,0.0654
CLIMA_ESTADO,B3_persist_sazonal,90,30,todos,0.5206,0.9398,,0.1972
CLIMA_ESTADO,B3_persist_sazonal,90,40,entrada,0.8059,0.9596,,0.2004
CLIMA_ESTADO,B3_persist_sazonal,90,40,todos,0.9624,0.97,,0.3616
CLIMA_ESTADO,LogReg,30,30,entrada,0.6553,0.9869,0.0299,0.0284
CLIMA_ESTADO,LogReg,30,30,todos,0.5984,0.9557,0.0899,0.1972
CLIMA_ESTADO,LogReg,30,40,entrada,0.6319,0.9652,0.0656,0.0737
CLIMA_ESTADO,LogReg,30,40,todos,0.9722,0.9771,0.0978,0.3616
CLIMA_ESTADO,LogReg,60,30,entrada,0.2455,0.9171,0.0683,0.0531
CLIMA_ESTADO,LogReg,60,30,todos,0.434,0.8948,0.1178,0.1972
CLIMA_ESTADO,LogReg,60,40,entrada,0.7297,0.9547,0.0984,0.1452
CLIMA_ESTADO,LogReg,60,40,todos,0.9354,0.9606,0.101,0.3616
CLIMA_ESTADO,LogReg,90,30,entrada,0.2416,0.8363,0.0828,0.0654
CLIMA_ESTADO,LogReg,90,30,todos,0.4244,0.8742,0.1282,0.1972
CLIMA_ESTADO,LogReg,90,40,entrada,0.8185,0.9605,0.0792,0.2004
CLIMA_ESTADO,LogReg,90,40,todos,0.9586,0.9636,0.0815,0.3616
CLIMA_ESTADO,RandomForestClf,30,30,entrada,0.4379,0.943,0.0358,0.0284
CLIMA_ESTADO,RandomForestClf,30,30,todos,0.6524,0.9547,0.1452,0.1972
CLIMA_ESTADO,RandomForestClf,30,40,entrada,0.7635,0.9708,0.044,0.0737
CLIMA_ESTADO,RandomForestClf,30,40,todos,0.9125,0.9356,0.1417,0.3616
CLIMA_ESTADO,RandomForestClf,60,30,entrada,0.4433,0.9096,0.0614,0.0531
CLIMA_ESTADO,RandomForestClf,60,30,todos,0.5488,0.8977,0.1492,0.1972
CLIMA_ESTADO,RandomForestClf,60,40,entrada,0.6725,0.9578,0.0808,0.1452
CLIMA_ESTADO,RandomForestClf,60,40,todos,0.8304,0.9036,0.1785,0.3616
CLIMA_ESTADO,RandomForestClf,90,30,entrada,0.4034,0.7713,0.0784,0.0654
CLIMA_ESTADO,RandomForestClf,90,30,todos,0.4922,0.847,0.1624,0.1972
CLIMA_ESTADO,RandomForestClf,90,40,entrada,0.8033,0.9382,0.0993,0.2004
CLIMA_ESTADO,RandomForestClf,90,40,todos,0.8234,0.8828,0.1825,0.3616
CLIMA_ESTADO,XGBClf,30,30,entrada,0.3826,0.9542,0.042,0.0284
CLIMA_ESTADO,XGBClf,30,30,todos,0.5998,0.945,0.1172,0.1972
CLIMA_ESTADO,XGBClf,30,40,entrada,0.7443,0.9786,0.0274,0.0737
CLIMA_ESTADO,XGBClf,30,40,todos,0.9466,0.9757,0.0766,0.3616
CLIMA_ESTADO,XGBClf,60,30,entrada,0.3452,0.9206,0.0701,0.0531
CLIMA_ESTADO,XGBClf,60,30,todos,0.4647,0.9071,0.1404,0.1972
CLIMA_ESTADO,XGBClf,60,40,entrada,0.7432,0.9648,0.0601,0.1452
CLIMA_ESTADO,XGBClf,60,40,todos,0.8833,0.9374,0.129,0.3616
CLIMA_ESTADO,XGBClf,90,30,entrada,0.3747,0.839,0.1126,0.0654
CLIMA_ESTADO,XGBClf,90,30,todos,0.4752,0.8783,0.1755,0.1972
CLIMA_ESTADO,XGBClf,90,40,entrada,0.841,0.951,0.0757,0.2004
CLIMA_ESTADO,XGBClf,90,40,todos,0.8859,0.913,0.1297,0.3616
CLIMA_ESTADO,regra_SPI6<-1,30,30,entrada,0.1269,0.6442,,0.0284
CLIMA_ESTADO,regra_SPI6<-1,30,30,todos,0.2632,0.556,,0.1972
CLIMA_ESTADO,regra_SPI6<-1,30,40,entrada,0.1156,0.4989,,0.0737
CLIMA_ESTADO,regra_SPI6<-1,30,40,todos,0.3749,0.4674,,0.3616
CLIMA_ESTADO,regra_SPI6<-1,60,30,entrada,0.12,0.5825,,0.0531
CLIMA_ESTADO,regra_SPI6<-1,60,30,todos,0.2777,0.5993,,0.1972
CLIMA_ESTADO,regra_SPI6<-1,60,40,entrada,0.2157,0.5184,,0.1452
CLIMA_ESTADO,regra_SPI6<-1,60,40,todos,0.4158,0.5317,,0.3616
CLIMA_ESTADO,regra_SPI6<-1,90,30,entrada,0.215,0.6205,,0.0654
CLIMA_ESTADO,regra_SPI6<-1,90,30,todos,0.3146,0.648,,0.1972
CLIMA_ESTADO,regra_SPI6<-1,90,40,entrada,0.3111,0.5497,,0.2004
CLIMA_ESTADO,regra_SPI6<-1,90,40,todos,0.4716,0.6068,,0.3616
