subconjunto,horizonte,modelo,n,MAE,MAE_B3,skill_B3,ic95_lo,ic95_hi
geral,30,RidgeRes,7305,2.787,2.811,0.0085,-0.1388,0.1146
geral,30,XGBRes,7305,2.8,2.811,0.0037,-0.1089,0.1009
seca,30,RidgeRes,3894,2.785,2.358,-0.181,-0.4239,-0.008
seca,30,XGBRes,3894,2.685,2.358,-0.1385,-0.2996,0.0357
nao_seca,30,RidgeRes,3411,2.789,3.327,0.1618,0.0337,0.2631
nao_seca,30,XGBRes,3411,2.932,3.327,0.1187,-0.0012,0.2136
pre_episodio,30,RidgeRes,2110,2.298,1.794,-0.2805,-0.6634,0.0106
pre_episodio,30,XGBRes,2110,1.717,1.794,0.0435,-0.0958,0.2482
geral,60,RidgeRes,7305,5.104,4.834,-0.0558,-0.2307,0.0798
geral,60,XGBRes,7305,4.727,4.834,0.0222,-0.1048,0.148
seca,60,RidgeRes,3924,5.236,4.073,-0.2855,-0.5904,-0.0663
seca,60,XGBRes,3924,4.132,4.073,-0.0146,-0.2022,0.1351
nao_seca,60,RidgeRes,3381,4.951,5.717,0.1341,-0.0643,0.258
nao_seca,60,XGBRes,3381,5.416,5.717,0.0527,-0.1511,0.2083
pre_episodio,60,RidgeRes,2110,4.273,3.059,-0.3967,-0.9936,-0.0116
pre_episodio,60,XGBRes,2110,2.764,3.059,0.0964,-0.1041,0.2785
geral,90,RidgeRes,7305,7.098,6.559,-0.0822,-0.2961,0.0659
geral,90,XGBRes,7305,6.314,6.559,0.0373,-0.1075,0.1625
seca,90,RidgeRes,3924,7.549,5.634,-0.34,-0.6937,-0.1125
seca,90,XGBRes,3924,6.084,5.634,-0.0799,-0.2788,0.0987
nao_seca,90,RidgeRes,3381,6.574,7.632,0.1386,-0.0857,0.309
nao_seca,90,XGBRes,3381,6.58,7.632,0.1378,-0.0659,0.2828
pre_episodio,90,RidgeRes,2110,6.379,4.091,-0.5593,-1.229,-0.168
pre_episodio,90,XGBRes,2110,4.516,4.091,-0.104,-0.3568,0.0893
