reservatorio,codigo,horizonte,cobertura,vol_min_pct,skill_vs_B3,skill_vs_B1,n_folds
JAGUARI-JACAREI,29001,30,1984-01-01..2026-10-02,-19.2,0.1127,0.3497,4
JAGUARI-JACAREI,29001,60,1984-01-01..2026-10-02,-19.2,0.0491,0.3496,4
JAGUARI-JACAREI,29001,90,1984-01-01..2026-10-02,-19.2,0.005,0.3483,4
CACHOEIRA,29002,30,1984-01-01..2026-10-02,-3.1,-0.0318,-0.1026,4
CACHOEIRA,29002,60,1984-01-01..2026-10-02,-3.1,0.0433,-0.0224,4
CACHOEIRA,29002,90,1984-01-01..2026-10-02,-3.1,0.0057,-0.0767,4
ATIBAINHA,29003,30,1984-01-01..2026-10-02,-106.8,-0.4088,-0.5514,4
ATIBAINHA,29003,60,1984-01-01..2026-10-02,-106.8,-0.4314,-0.6652,4
ATIBAINHA,29003,90,1984-01-01..2026-10-02,-106.8,-0.2999,-0.6227,4
PAIVA CASTRO,29004,30,1984-01-01..2026-10-02,8.7,-0.1809,-0.2141,4
PAIVA CASTRO,29004,60,1984-01-01..2026-10-02,8.7,-0.0803,-0.104,4
PAIVA CASTRO,29004,90,1984-01-01..2026-10-02,8.7,-0.2095,-0.2272,4
