phi,N,seed,horizonte,skill_B3,pr_auc_entrada,prevalencia,n_episodios40
0.0,3,0,30,0.4214,0.9119,0.0262,8
0.0,3,0,60,0.1993,0.7582,0.0472,8
0.0,3,0,90,0.126,0.6401,0.0625,8
0.0,3,1,30,0.5126,0.8644,0.0186,9
0.0,3,1,60,0.2752,0.8661,0.0369,9
0.0,3,1,90,0.1215,0.9359,0.0509,9
0.0,3,2,30,0.5267,0.8944,0.0275,7
0.0,3,2,60,0.2996,0.7327,0.0466,7
0.0,3,2,90,0.1523,0.8217,0.0657,7
0.0,10,0,30,0.5631,0.9894,0.0049,2
0.0,10,0,60,0.345,0.3594,0.0099,2
0.0,10,0,90,0.2072,0.5541,0.0148,2
0.0,10,1,30,0.5267,0.9872,0.0184,9
0.0,10,1,60,0.3307,0.8808,0.0369,9
0.0,10,1,90,0.2487,0.6687,0.0501,9
0.0,10,2,30,0.5605,0.9067,0.0306,7
0.0,10,2,60,0.3501,0.8691,0.0599,7
0.0,10,2,90,0.1841,0.8602,0.0889,7
0.0,30,0,30,0.6119,0.9997,0.0137,7
0.0,30,0,60,0.3998,0.9917,0.0274,7
0.0,30,0,90,0.2107,0.9841,0.0411,7
0.0,30,1,30,0.5992,1.0,0.0047,3
0.0,30,1,60,0.4652,0.9928,0.0094,3
0.0,30,1,90,0.3395,0.5318,0.014,3
0.0,30,2,30,0.6879,0.9856,0.0356,12
0.0,30,2,60,0.5677,0.9701,0.0712,12
0.0,30,2,90,0.4644,0.9147,0.1068,12
0.5,3,0,30,0.4963,0.9035,0.0367,15
0.5,3,0,60,0.3596,0.8198,0.0686,15
0.5,3,0,90,0.1942,0.839,0.0992,15
0.5,3,1,30,0.506,0.9035,0.0194,9
0.5,3,1,60,0.3378,0.8145,0.033,9
0.5,3,1,90,0.187,0.9011,0.0436,9
0.5,3,2,30,0.5912,0.9224,0.0437,10
0.5,3,2,60,0.3308,0.7883,0.0799,10
0.5,3,2,90,0.119,0.7678,0.1126,10
0.5,10,0,30,0.5939,0.9894,0.0227,9
0.5,10,0,60,0.3931,0.9915,0.0454,9
0.5,10,0,90,0.2201,0.9492,0.068,9
0.5,10,1,30,0.492,0.9717,0.0159,11
0.5,10,1,60,0.3452,0.8965,0.0306,11
0.5,10,1,90,0.2547,0.8548,0.0412,11
0.5,10,2,30,0.5788,0.9666,0.0516,10
0.5,10,2,60,0.3683,0.9569,0.0958,10
0.5,10,2,90,0.1674,0.8832,0.1317,10
0.5,30,0,30,0.6484,0.9839,0.0227,8
0.5,30,0,60,0.4179,0.9988,0.0454,8
0.5,30,0,90,0.2588,0.9935,0.0681,8
0.5,30,1,30,0.5739,0.9816,0.0197,6
0.5,30,1,60,0.4202,0.9369,0.0357,6
0.5,30,1,90,0.2744,0.8306,0.0516,6
0.5,30,2,30,0.699,0.984,0.0543,10
0.5,30,2,60,0.562,0.9623,0.1073,10
0.5,30,2,90,0.4217,0.9387,0.1549,10
0.8,3,0,30,0.6358,0.9559,0.0606,12
0.8,3,0,60,0.4925,0.9851,0.1186,12
0.8,3,0,90,0.382,0.9503,0.1691,12
0.8,3,1,30,0.5664,0.9935,0.0201,10
0.8,3,1,60,0.3232,0.9792,0.0402,10
0.8,3,1,90,0.0873,0.9711,0.0603,10
0.8,3,2,30,0.5911,0.9284,0.0419,8
0.8,3,2,60,0.3364,0.9074,0.0833,8
0.8,3,2,90,0.1352,0.8669,0.1249,8
0.8,10,0,30,0.6428,0.9726,0.0582,12
0.8,10,0,60,0.481,0.9235,0.1125,12
0.8,10,0,90,0.3315,0.8826,0.1577,12
0.8,10,1,30,0.5196,0.9978,0.0128,6
0.8,10,1,60,0.2743,0.9973,0.0256,6
0.8,10,1,90,0.0372,0.9728,0.0383,6
0.8,10,2,30,0.6099,0.9951,0.0477,10
0.8,10,2,60,0.4486,0.9647,0.0904,10
0.8,10,2,90,0.313,0.9105,0.1302,10
0.8,30,0,30,0.6805,0.99,0.0231,7
0.8,30,0,60,0.4785,0.9984,0.0462,7
0.8,30,0,90,0.2682,0.9918,0.0693,7
0.8,30,1,30,0.6086,0.8631,0.0137,8
0.8,30,1,60,0.3801,0.7857,0.0274,8
0.8,30,1,90,0.192,0.6583,0.0411,8
0.8,30,2,30,0.7272,0.9757,0.0556,9
0.8,30,2,60,0.6248,0.9913,0.1007,9
0.8,30,2,90,0.4919,0.9693,0.1457,9
0.95,3,0,30,0.6593,0.9997,0.0481,7
0.95,3,0,60,0.5298,0.9721,0.0962,7
0.95,3,0,90,0.4504,0.8983,0.1298,7
0.95,3,1,30,0.6413,1.0,0.0123,3
0.95,3,1,60,0.5531,1.0,0.0246,3
0.95,3,1,90,0.4259,0.9999,0.0369,3
0.95,3,2,30,0.6394,0.9439,0.0468,9
0.95,3,2,60,0.5353,0.9296,0.0936,9
0.95,3,2,90,0.4246,0.9168,0.1404,9
0.95,10,0,30,0.6135,0.948,0.0693,7
0.95,10,0,60,0.4558,0.8588,0.1171,7
0.95,10,0,90,0.4255,0.8268,0.1649,7
0.95,10,1,30,0.6114,1.0,0.014,3
0.95,10,1,60,0.5296,1.0,0.0281,3
0.95,10,1,90,0.3953,0.9999,0.0421,3
0.95,10,2,30,0.6231,0.9904,0.0561,8
0.95,10,2,60,0.5193,0.9743,0.1123,8
0.95,10,2,90,0.4186,0.9485,0.1669,8
0.95,30,0,30,0.6671,0.9698,0.0701,8
0.95,30,0,60,0.4894,0.9787,0.1403,8
0.95,30,0,90,0.3541,0.9445,0.1886,8
0.95,30,1,30,0.6447,0.9737,0.0261,3
0.95,30,1,60,0.4911,0.9775,0.0523,3
0.95,30,1,90,0.4257,1.0,0.0753,3
0.95,30,2,30,0.7074,0.9981,0.045,7
0.95,30,2,60,0.5936,0.9915,0.0899,7
0.95,30,2,90,0.4952,0.9934,0.1349,7
